listing_id,listed_date,district,rooms,area_m2,floor,total_floors,year_built,building_type,ceiling_height_m,price_kzt,price_per_m2,area_before_fix
ALM-10910,2026-01-01,,3,736.0,3.0,20.0,,monolith,2.81,54050000,73437.5,736.0
ALM-10270,2026-01-01,Bostandyk,2,49.7,7.0,12.0,2017.0,monolith,2.73,55950000,1125754.5271629777,49.7
ALM-10119,2026-01-01,Medeu,2,50.5,5.0,5.0,1966.0,brick,2.93,52620000,1041980.198019802,50.5
ALM-10217,2026-01-01,Almaly,3,77.4,9.0,12.0,1964.0,panel,2.68,63800000,824289.4056847545,77.4
ALM-10005,2026-01-01,Medeu,1,39.9,1.0,12.0,2006.0,monolith,2.72,40720000,1020551.3784461153,39.9
ALM-10565,2026-01-01,Alatau,2,65.9,9.0,12.0,1980.0,panel,,28410000,431107.7389984825,65.9
ALM-10223,2026-01-02,Auezov,2,63.6,7.0,9.0,2019.0,monolith,2.86,44300000,696540.8805031446,63.6
ALM-10029,2026-01-03,Auezov,3,79.7,12.0,12.0,2018.0,monolith,2.88,61280000,768883.3124215809,79.7
ALM-10729,2026-01-03,Alatau,2,62.5,,,1976.0,panel,2.67,30130000,482080.0,62.5
ALM-10286,2026-01-03,Almaly,4,120.4,7.0,9.0,1967.0,panel,2.51,102500000,851328.903654485,120.4
ALM-10356,2026-01-03,Almaly,3,82.9,2.0,4.0,2002.0,brick,,68670000,828347.4065138721,82.9
ALM-10316,2026-01-04,Medeu,1,38.2,5.0,9.0,2000.0,brick,3.01,46460000,1216230.3664921464,38.2
ALM-11054,2026-01-05,Auezov,4,98.6,4.0,4.0,1968.0,brick,0.0,63860000,647667.3427991887,98.6
ALM-10952,2026-01-05,,3,80.4,9.0,20.0,2010.0,monolith,2.84,57310000,712810.9452736318,80.4
ALM-10934,2026-01-05,Nauryzbay,3,69.9,3.0,12.0,1988.0,panel,2.57,31370000,448783.9771101573,69.9
ALM-10213,2026-01-05,Bostandyk,3,72.4,5.0,5.0,1988.0,brick,3.02,69360000,958011.0497237568,72.4
ALM-10235,2026-01-06,Alatau,3,67.6,7.0,9.0,1976.0,panel,,27360000,404733.72781065095,67.6
ALM-10232,2026-01-06,Bostandyk,1,44.9,1.0,9.0,1981.0,panel,2.56,37410000,833184.855233853,44.9
ALM-10089,2026-01-06,Turksib,2,57.5,13.0,25.0,2007.0,monolith,2.91,36020000,626434.7826086957,57.5
ALM-10038,2026-01-06,Alatau,3,77.1,1.0,9.0,,monolith,2.85,40320000,522957.1984435798,77.1
ALM-10912,2026-01-07,,4,99.4,3.0,4.0,1972.0,brick,3.03,53550000,538732.3943661972,99.4
ALM-10140,2026-01-07,Turksib,3,59.2,9.0,9.0,1972.0,panel,2.55,25300000,427364.86486486485,59.2
ALM-10802,2026-01-07,Alatau,2,54.0,2.0,9.0,2014.0,monolith,2.87,31150000,576851.8518518518,54.0
ALM-11163,2026-01-08,Nauryzbay,1,32.3,6.0,25.0,2022.0,monolith,2.98,17700000,547987.6160990712,32.3
ALM-10161,2026-01-09,Nauryzbay,3,81.7,3.0,3.0,1974.0,brick,3.04,39000000,477356.1811505508,81.7
ALM-10581,2026-01-09,Bostandyk,3,68.6,4.0,9.0,2016.0,monolith,2.77,67560000,984839.6501457727,68.6
ALM-10462,2026-01-09,Bostandyk,2,68.3,15.0,16.0,2022.0,monolith,2.89,78790000,1153587.1156661788,68.3
ALM-10393,2026-01-09,Nauryzbay,2,62.3,6.0,12.0,1975.0,panel,2.56,29470000,473033.7078651686,62.3
ALM-10503,2026-01-10,Almaly,1,41.2,4.0,12.0,1972.0,panel,2.63,35490000,861407.7669902912,41.2
ALM-10760,2026-01-10,Auezov,2,62.1,14.0,16.0,2013.0,monolith,2.94,42460000,683735.9098228663,62.1
ALM-10473,2026-01-10,Alatau,3,75.7,7.0,12.0,1976.0,panel,2.54,32760000,432760.8982826948,75.7
ALM-10389,2026-01-11,Turksib,2,64.8,1.0,9.0,1980.0,panel,2.6,26670000,411574.0740740741,64.8
ALM-10715,2026-01-11,Almaly,1,33.8,3.0,5.0,1996.0,brick,2.74,28090000,831065.0887573966,33.8
ALM-10365,2026-01-11,Bostandyk,4,106.5,1.0,5.0,1969.0,brick,3.12,88320000,829295.7746478873,106.5
ALM-10648,2026-01-11,Nauryzbay,4,112.3,18.0,25.0,2021.0,monolith,2.98,62870000,559839.715048976,112.3
ALM-10703,2026-01-11,Alatau,2,51.5,3.0,25.0,2007.0,monolith,2.94,28690000,557087.3786407767,51.5
ALM-10143,2026-01-12,Zhetysu,3,81.3,4.0,5.0,1977.0,panel,2.64,46050000,566420.6642066421,81.3
ALM-10764,2026-01-13,Medeu,3,76.9,1.0,5.0,1958.0,brick,2.7,86140000,1120156.0468140442,76.9
ALM-10939,2026-01-13,Turksib,3,79.7,,5.0,1966.0,panel,2.67,41100000,515683.81430363865,79.7
ALM-10175,2026-01-13,Turksib,1,47.9,4.0,5.0,1968.0,panel,2.64,22550000,470772.4425887265,47.9
ALM-10962,2026-01-14,Medeu,3,77.0,11.0,20.0,2012.0,monolith,2.96,94030000,1221168.831168831,77.0
ALM-11070,2026-01-14,Bostandyk,2,59.1,7.0,9.0,2011.0,monolith,2.82,59020000,998646.3620981388,59.1
ALM-10348,2026-01-14,Alatau,2,61.3,4.0,5.0,1974.0,brick,3.15,34470000,562316.4763458401,61.3
ALM-10520,2026-01-14,,2,50.3,1.0,3.0,1995.0,brick,3.17,55060000,1094632.2067594435,50.3
ALM-10708,2026-01-14,Alatau,1,38.2,6.0,9.0,1972.0,brick,2.83,17940000,469633.5078534031,38.2
ALM-10031,2026-01-15,Nauryzbay,2,58.6,5.0,5.0,1974.0,panel,2.67,24590000,419624.5733788396,58.6
ALM-10225,2026-01-15,Nauryzbay,2,50.1,7.0,9.0,1970.0,brick,3.02,24600000,491017.9640718563,50.1
ALM-11048,2026-01-15,Turksib,2,49.9,4.0,9.0,1989.0,panel,2.56,24430000,489579.15831663326,49.9
ALM-11030,2026-01-15,Nauryzbay,3,85.5,3.0,12.0,2023.0,monolith,2.88,42940000,502222.22222222225,85.5
ALM-11008,2026-01-15,Auezov,3,87.0,9.0,9.0,1966.0,panel,,47240000,542988.5057471264,87.0
ALM-10598,2026-01-15,Zhetysu,2,60.9,10.0,12.0,1991.0,panel,2.51,35380000,580952.380952381,60.9
ALM-10171,2026-01-15,Medeu,1,39.6,3.0,9.0,1964.0,brick,3.2,45690000,1153787.8787878787,39.6
ALM-10054,2026-01-16,Medeu,1,30.9,2.0,12.0,1983.0,panel,2.62,24480000,792233.009708738,30.9
ALM-10824,2026-01-16,Turksib,3,61.2,10.0,12.0,1985.0,panel,2.62,30490000,498202.61437908496,61.2
ALM-10649,2026-01-17,Almaly,2,44.1,3.0,4.0,1976.0,brick,,44740000,1014512.4716553288,44.1
ALM-10774,2026-01-17,Auezov,4,98.5,5.0,5.0,1952.0,brick,2.79,59540000,604467.0050761421,98.5
ALM-10987,2026-01-17,Bostandyk,3,100.9,2.0,5.0,1953.0,brick,2.72,96760000,958969.2765113973,100.9
ALM-10566,2026-01-18,Bostandyk,2,69.2,4.0,5.0,2000.0,brick,2.94,70120000,1013294.7976878613,69.2
ALM-11162,2026-01-19,Alatau,2,73.0,5.0,12.0,2010.0,monolith,2.97,42980000,588767.1232876712,73.0
ALM-10489,2026-01-19,Almaly,1,34.6,4.0,5.0,2004.0,brick,3.16,33030000,954624.2774566474,34.6
ALM-10357,2026-01-19,Auezov,1,39.8,6.0,9.0,1986.0,brick,2.96,26130000,656532.6633165829,39.8
ALM-10009,2026-01-19,,1,33.4,2.0,9.0,1992.0,brick,3.19,39400000,1179640.7185628742,33.4
ALM-10394,2026-01-19,Turksib,2,50.4,14.0,20.0,2021.0,monolith,2.81,28250000,560515.873015873,50.4
ALM-11027,2026-01-19,Alatau,2,60.2,1.0,3.0,1971.0,brick,3.14,36340000,603654.4850498339,60.2
ALM-10709,2026-01-20,Medeu,1,43.4,4.0,5.0,1980.0,panel,2.68,37450000,862903.2258064516,43.4
ALM-10920,2026-01-20,Alatau,2,48.8,3.0,5.0,1999.0,brick,,24630000,504713.1147540984,48.8
ALM-10994,2026-01-20,Almaly,4,95.0,5.0,5.0,,brick,2.81,82910000,872736.8421052631,95.0
ALM-10037,2026-01-20,Medeu,2,49.8,3.0,5.0,1979.0,panel,2.62,55580000,1116064.2570281124,49.8
ALM-10366,2026-01-20,Turksib,3,94.6,3.0,20.0,2024.0,monolith,2.91,53380000,564270.6131078225,94.6
ALM-10906,2026-01-20,Turksib,2,55.5,22.0,25.0,2018.0,monolith,2.92,35880000,646486.4864864865,55.5
ALM-10807,2026-01-20,Bostandyk,2,60.5,1.0,20.0,2007.0,monolith,2.76,61590000,1018016.5289256198,60.5
ALM-10142,2026-01-20,Almaly,1,38.7,1.0,5.0,1978.0,panel,2.61,31680000,818604.6511627906,38.7
ALM-10204,2026-01-20,Almaly,1,38.7,8.0,12.0,1977.0,panel,2.67,33930000,876744.1860465115,38.7
ALM-10039,2026-01-21,Turksib,3,88.6,3.0,5.0,1979.0,brick,2.73,43420000,490067.7200902935,88.6
ALM-10399,2026-01-21,,1,38.9,1.0,9.0,2011.0,monolith,2.81,19610000,504113.1105398458,38.9
ALM-10285,2026-01-21,Turksib,2,46.7,5.0,9.0,,panel,2.52,21780000,466381.15631691646,46.7
ALM-10670,2026-01-22,Zhetysu,3,64.3,1.0,16.0,,monolith,2.99,40040000,622706.0653188181,64.3
ALM-10281,2026-01-22,Nauryzbay,3,89.6,2.0,5.0,1967.0,panel,2.55,36840000,411160.7142857143,89.6
ALM-10165,2026-01-22,Medeu,2,53.8,4.0,16.0,2016.0,monolith,2.92,69630000,1294237.9182156133,53.8
ALM-10811,2026-01-22,Nauryzbay,2,62.1,6.0,9.0,1967.0,panel,2.53,25170000,405314.00966183573,62.1
ALM-10177,2026-01-22,Turksib,2,52.3,9.0,16.0,2006.0,monolith,2.97,32190000,615487.5717017208,52.3
ALM-10902,2026-01-22,Alatau,2,50.9,3.0,9.0,2023.0,monolith,2.84,25410000,499214.14538310416,50.9
ALM-10892,2026-01-23,Alatau,1,45.2,6.0,9.0,1969.0,brick,3.08,22330000,494026.54867256636,45.2
ALM-10252,2026-01-23,Turksib,5,133.0,3.0,5.0,1964.0,panel,2.55,65300000,490977.44360902254,133.0
ALM-10826,2026-01-24,Alatau,2,67.3,7.0,9.0,,brick,,37830000,562109.955423477,67.3
ALM-10077,2026-01-24,Medeu,4,111.3,,5.0,1963.0,panel,2.51,95000000,853548.9667565139,111.3
ALM-10443,2026-01-24,Auezov,2,52.6,4.0,12.0,1965.0,panel,2.67,40070000,761787.072243346,52.6
ALM-10179,2026-01-24,Medeu,1,34.6,18.0,25.0,2014.0,monolith,2.86,48720000,1408092.4855491328,34.6
ALM-10113,2026-01-24,Nauryzbay,3,81.4,11.0,12.0,1967.0,panel,2.58,33820000,415479.11547911545,81.4
ALM-10862,2026-01-24,Zhetysu,3,81.9,3.0,9.0,1971.0,panel,2.63,54990000,671428.5714285714,81.9
ALM-10825,2026-01-24,Nauryzbay,1,30.9,4.0,9.0,2023.0,monolith,2.89,15730000,509061.4886731392,30.9
ALM-10406,2026-01-25,Bostandyk,1,27.5,10.0,25.0,2015.0,monolith,2.85,32770000,1191636.3636363635,27.5
ALM-10525,2026-01-25,Turksib,2,63.5,4.0,5.0,1958.0,brick,2.95,34710000,546614.1732283465,63.5
ALM-10409,2026-01-25,Auezov,2,67.9,6.0,9.0,2018.0,monolith,2.99,45830000,674963.1811487481,67.9
ALM-10280,2026-01-25,Turksib,3,69.0,2.0,5.0,,brick,0.0,42420000,614782.6086956522,69.0
ALM-10450,2026-01-25,Alatau,1,39.9,3.0,5.0,1962.0,panel,2.53,16170000,405263.15789473685,39.9
ALM-10419,2026-01-25,Medeu,2,46.6,2.0,20.0,,monolith,2.74,49630000,1065021.459227468,46.6
ALM-10407,2026-01-26,Turksib,1,34.3,4.0,9.0,1952.0,brick,3.09,20110000,586297.3760932945,34.3
ALM-10167,2026-01-26,Turksib,2,69.2,4.0,12.0,,panel,,32190000,465173.41040462424,69.2
ALM-10998,2026-01-26,Medeu,3,75.5,2.0,12.0,1975.0,panel,2.69,66510000,880927.1523178808,75.5
ALM-10684,2026-01-26,Bostandyk,4,94.2,2.0,5.0,1962.0,panel,2.52,85210000,904564.7558386412,94.2
ALM-10314,2026-01-26,Zhetysu,1,35.7,5.0,5.0,1985.0,brick,,21000000,588235.294117647,35.7
ALM-10632,2026-01-26,Zhetysu,3,76.8,2.0,3.0,1953.0,brick,2.92,52760000,686979.1666666667,76.8
ALM-10662,2026-01-27,Zhetysu,4,77.4,12.0,16.0,2010.0,monolith,2.96,53280000,688372.0930232558,77.4
ALM-10027,2026-01-27,Medeu,3,86.7,12.0,12.0,,monolith,2.9,100420000,1158246.8281430218,86.7
ALM-10189,2026-01-27,Medeu,2,58.8,8.0,9.0,1978.0,brick,0.0,59850000,1017857.142857143,58.8
ALM-10666,2026-01-28,Medeu,1,42.1,5.0,5.0,1980.0,panel,2.54,37940000,901187.648456057,42.1
ALM-10176,2026-01-28,Medeu,3,54.7,6.0,9.0,1988.0,brick,3.13,66000000,1206581.352833638,54.7
ALM-10016,2026-01-29,Auezov,1,39.7,13.0,25.0,2022.0,monolith,2.8,32100000,808564.2317380352,39.7
ALM-10538,2026-01-29,Auezov,2,45.7,5.0,5.0,2002.0,brick,2.85,28140000,615754.9234135667,45.7
ALM-10084,2026-01-29,Zhetysu,3,73.0,12.0,12.0,1983.0,panel,,42730000,585342.4657534247,73.0
ALM-10851,2026-01-29,Nauryzbay,2,58.6,,,1988.0,panel,,25280000,431399.31740614335,58.6
ALM-10904,2026-01-29,Zhetysu,3,77.2,1.0,12.0,2016.0,monolith,2.79,48380000,626683.9378238341,77.2
ALM-10361,2026-01-29,,1,36.4,2.0,20.0,2008.0,monolith,2.81,21150000,581043.9560439561,36.4
ALM-10523,2026-01-29,Nauryzbay,2,66.3,2.0,4.0,1998.0,brick,,31020000,467873.30316742085,66.3
ALM-10277,2026-01-29,Bostandyk,2,49.2,9.0,12.0,1989.0,panel,2.64,41630000,846138.2113821137,49.2
ALM-10422,2026-01-30,Turksib,2,54.5,25.0,25.0,2008.0,monolith,2.8,32330000,593211.0091743119,54.5
ALM-10930,2026-01-30,Medeu,1,45.8,4.0,5.0,1971.0,panel,2.63,45000000,982532.7510917031,45.8
ALM-10759,2026-01-30,Alatau,2,56.8,7.0,9.0,2012.0,monolith,2.98,29550000,520246.4788732395,56.8
ALM-10456,2026-01-30,Almaly,3,61.5,3.0,5.0,2000.0,brick,2.85,57960000,942439.0243902439,61.5
ALM-10835,2026-01-31,Auezov,1,46.6,7.0,9.0,2017.0,monolith,2.91,36150000,775751.0729613734,46.6
ALM-10739,2026-01-31,Auezov,3,73.8,1.0,9.0,2005.0,brick,3.15,47730000,646747.9674796748,73.8
ALM-10737,2026-01-31,Almaly,1,43.7,4.0,9.0,1982.0,brick,,42410000,970480.5491990846,43.7
ALM-11094,2026-01-31,Auezov,4,93.1,1.0,12.0,1989.0,panel,2.66,49560000,532330.8270676692,93.1
ALM-10328,2026-01-31,Almaly,4,112.0,12.0,16.0,2006.0,monolith,2.81,125100000,1116964.2857142857,112.0
ALM-10556,2026-01-31,Medeu,2,59.4,2.0,3.0,1997.0,brick,3.12,67920000,1143434.3434343433,59.4
ALM-11060,2026-01-31,Auezov,2,53.3,5.0,12.0,1966.0,panel,2.53,30740000,576735.459662289,53.3
ALM-10787,2026-02-01,Alatau,4,103.2,5.0,5.0,1990.0,panel,2.53,46030000,446027.1317829457,103.2
ALM-10164,2026-02-01,Almaly,2,51.9,1.0,5.0,2001.0,brick,2.78,45480000,876300.5780346821,51.9
ALM-11041,2026-02-01,Nauryzbay,3,95.4,3.0,12.0,1968.0,panel,,43050000,451257.8616352201,95.4
ALM-10885,2026-02-01,Almaly,4,111.0,9.0,25.0,2023.0,monolith,2.83,118740000,1069729.7297297297,111.0
ALM-10785,2026-02-01,Almaly,2,49.9,16.0,20.0,2024.0,monolith,2.93,52330000,1048697.394789579,49.9
ALM-10155,2026-02-01,Turksib,3,84.7,1.0,5.0,1974.0,panel,2.53,33680000,397638.72491145215,84.7
ALM-10693,2026-02-02,Turksib,4,89.6,12.0,12.0,1970.0,panel,,38470000,429352.6785714286,89.6
ALM-10944,2026-02-02,Bostandyk,4,92.0,,,,brick,2.84,77390000,841195.6521739131,92.0
ALM-10918,2026-02-02,Medeu,3,84.4,2.0,9.0,1978.0,brick,2.9,84070000,996090.0473933648,84.4
ALM-10350,2026-02-03,Auezov,2,54.0,12.0,12.0,1965.0,panel,,32620000,604074.074074074,54.0
ALM-10152,2026-02-03,Medeu,1,41.0,8.0,12.0,,panel,2.52,34700000,846341.4634146341,41.0
ALM-11079,2026-02-03,Turksib,2,54.6,18.0,20.0,2017.0,monolith,2.89,32060000,587179.4871794871,54.6
ALM-10501,2026-02-04,Medeu,2,51.3,4.0,5.0,1975.0,panel,,51420000,1002339.1812865498,51.3
ALM-10151,2026-02-04,Turksib,3,86.7,9.0,16.0,2019.0,monolith,2.74,50250000,579584.7750865052,86.7
ALM-11089,2026-02-05,Zhetysu,2,48.8,5.0,9.0,2018.0,monolith,2.78,34000000,696721.3114754099,48.8
ALM-10408,2026-02-05,Almaly,4,102.1,12.0,25.0,2011.0,monolith,2.71,91510000,896278.1586679727,102.1
ALM-11150,2026-02-05,Zhetysu,3,72.4,2.0,3.0,1977.0,brick,3.09,50990000,704281.7679558011,72.4
ALM-10779,2026-02-05,Auezov,3,87.0,1.0,5.0,1972.0,panel,2.51,41500000,477011.4942528736,87.0
ALM-10335,2026-02-06,Turksib,2,45.3,8.0,12.0,1963.0,panel,2.55,22610000,499116.99779249454,45.3
ALM-11043,2026-02-06,Medeu,3,63.0,6.0,9.0,1965.0,brick,2.95,74790000,1187142.857142857,63.0
ALM-10276,2026-02-06,Turksib,2,604.0,15.0,16.0,2008.0,monolith,2.99,33630000,55678.807947019865,604.0
ALM-10188,2026-02-07,Turksib,1,36.1,10.0,12.0,1981.0,panel,2.59,13930000,385872.5761772853,36.1
ALM-10537,2026-02-07,Zhetysu,1,42.0,2.0,5.0,1979.0,brick,3.0,25920000,617142.8571428572,42.0
ALM-10682,2026-02-07,Nauryzbay,4,113.8,1.0,9.0,2012.0,monolith,2.73,63580000,558699.4727592267,113.8
ALM-10863,2026-02-08,Zhetysu,2,53.1,4.0,4.0,1954.0,brick,,31650000,596045.197740113,53.1
ALM-10572,2026-02-08,Auezov,1,43.3,4.0,5.0,1987.0,panel,2.62,23060000,532563.5103926098,43.3
ALM-10134,2026-02-08,Medeu,2,60.0,5.0,5.0,1989.0,panel,2.53,45600000,760000.0,60.0
ALM-10056,2026-02-08,Bostandyk,4,107.2,9.0,9.0,2006.0,monolith,2.81,101060000,942723.8805970149,107.2
ALM-10086,2026-02-08,Zhetysu,3,67.3,6.0,9.0,1981.0,panel,2.69,38130000,566567.6077265973,67.3
ALM-10795,2026-02-08,Almaly,2,59.8,4.0,9.0,1974.0,panel,2.65,44280000,740468.2274247492,59.8
ALM-10534,2026-02-09,Medeu,5,136.1,3.0,5.0,1972.0,panel,2.61,159220000,1169875.0918442323,136.1
ALM-10509,2026-02-10,Bostandyk,2,54.6,20.0,20.0,2017.0,monolith,2.82,60670000,1111172.161172161,54.6
ALM-10735,2026-02-10,Zhetysu,1,32.9,16.0,25.0,2024.0,monolith,2.93,22760000,691793.3130699089,32.9
ALM-10310,2026-02-10,Turksib,2,51.2,3.0,9.0,1989.0,panel,,22020000,430078.125,51.2
ALM-10260,2026-02-10,,1,35.8,12.0,12.0,2006.0,monolith,2.73,23870000,666759.7765363129,35.8
ALM-10491,2026-02-10,Nauryzbay,3,77.4,1.0,25.0,2019.0,monolith,2.75,37960000,490439.27648578805,77.4
ALM-10180,2026-02-10,Turksib,1,32.7,3.0,5.0,1988.0,brick,2.92,17070000,522018.3486238532,32.7
ALM-10405,2026-02-10,Turksib,1,356.0,5.0,5.0,1953.0,brick,,18830000,52893.25842696629,356.0
ALM-10380,2026-02-11,Alatau,1,35.0,9.0,9.0,2010.0,monolith,2.72,21010000,600285.7142857143,35.0
ALM-11189,2026-02-11,Nauryzbay,2,62.3,3.0,12.0,1971.0,panel,2.53,25560000,410272.8731942215,62.3
ALM-10107,2026-02-11,Zhetysu,3,72.6,9.0,9.0,1977.0,panel,,36480000,502479.33884297527,72.6
ALM-10100,2026-02-11,Medeu,1,36.4,2.0,4.0,,brick,2.74,37920000,1041758.2417582418,36.4
ALM-10238,2026-02-11,Medeu,3,61.3,3.0,4.0,1997.0,brick,3.02,63840000,1041435.5628058728,61.3
ALM-10271,2026-02-11,Turksib,3,79.1,3.0,9.0,2018.0,monolith,2.74,46770000,591276.8647281922,79.1
ALM-10794,2026-02-11,Turksib,4,79.6,3.0,3.0,2004.0,brick,2.78,40680000,511055.27638190956,79.6
ALM-10686,2026-02-11,Nauryzbay,2,56.0,2.0,4.0,1964.0,brick,2.88,25730000,459464.28571428574,56.0
ALM-10625,2026-02-12,Medeu,2,50.7,10.0,20.0,2008.0,monolith,2.74,66270000,1307100.5917159764,50.7
ALM-10571,2026-02-12,Medeu,2,67.3,1.0,5.0,1979.0,panel,2.66,60190000,894353.6404160475,67.3
ALM-10834,2026-02-12,Turksib,2,47.7,2.0,20.0,2024.0,monolith,2.77,28430000,596016.7714884696,47.7
ALM-10722,2026-02-12,Nauryzbay,4,106.6,4.0,9.0,1988.0,panel,2.62,46670000,437804.8780487805,106.6
ALM-10665,2026-02-12,,2,67.4,2.0,12.0,1985.0,panel,2.68,60270000,894213.649851632,67.4
ALM-10081,2026-02-13,Turksib,2,48.2,1.0,12.0,2022.0,monolith,2.87,23610000,489834.02489626553,48.2
ALM-10459,2026-02-13,Medeu,2,53.3,1.0,5.0,1987.0,panel,,40200000,754221.3883677298,53.3
ALM-10669,2026-02-13,Auezov,3,73.2,5.0,25.0,2012.0,monolith,2.81,56810000,776092.8961748633,73.2
ALM-10211,2026-02-13,Bostandyk,2,44.0,2.0,5.0,2003.0,brick,3.08,46010000,1045681.8181818182,44.0
ALM-10943,2026-02-14,Alatau,3,90.7,3.0,9.0,1978.0,panel,0.0,39280000,433076.0749724366,90.7
ALM-10425,2026-02-14,Auezov,3,79.0,6.0,9.0,2019.0,monolith,2.7,59820000,757215.1898734177,79.0
ALM-10162,2026-02-14,Medeu,4,103.3,6.0,9.0,1972.0,panel,,97980000,948499.5159728945,103.3
ALM-10247,2026-02-15,Almaly,2,49.3,3.0,3.0,1954.0,brick,2.77,39110000,793306.2880324544,49.3
ALM-10821,2026-02-15,Almaly,1,38.3,7.0,12.0,,monolith,2.96,40170000,1048825.0652741515,38.3
ALM-10011,2026-02-15,Turksib,2,46.7,5.0,9.0,2019.0,monolith,2.87,30260000,647965.7387580299,46.7
ALM-10926,2026-02-15,,3,73.1,3.0,5.0,1989.0,panel,2.64,36070000,493433.6525307798,73.1
ALM-10728,2026-02-15,Medeu,4,99.0,1.0,5.0,1975.0,brick,2.9,96240000,972121.2121212122,99.0
ALM-11187,2026-02-16,Almaly,3,75.6,2.0,4.0,1964.0,brick,2.86,72060000,953174.6031746032,75.6
ALM-10199,2026-02-16,Almaly,2,72.4,2.0,12.0,1984.0,panel,2.63,49740000,687016.5745856353,72.4
ALM-10080,2026-02-16,Bostandyk,3,83.1,2.0,3.0,1972.0,brick,3.07,78510000,944765.3429602889,83.1
ALM-10336,2026-02-16,Almaly,2,47.0,20.0,20.0,2013.0,monolith,,51110000,1087446.8085106383,47.0
ALM-11058,2026-02-16,Auezov,2,50.4,1.0,9.0,1969.0,panel,2.51,23870000,473611.1111111111,50.4
ALM-10969,2026-02-16,Auezov,3,91.0,19.0,20.0,2016.0,monolith,2.76,65540000,720219.7802197802,91.0
ALM-10457,2026-02-16,Medeu,1,27.9,3.0,12.0,1973.0,panel,2.55,30560000,1095340.5017921147,27.9
ALM-10874,2026-02-17,Auezov,2,64.5,2.0,9.0,1964.0,brick,2.83,40970000,635193.7984496125,64.5
ALM-11122,2026-02-17,Zhetysu,2,647.0,4.0,12.0,1976.0,panel,2.59,40670000,62859.35085007728,647.0
ALM-10720,2026-02-17,Turksib,3,80.3,5.0,5.0,1992.0,panel,2.53,36510000,454669.9875466999,80.3
ALM-11128,2026-02-18,Almaly,4,145.9,8.0,12.0,2007.0,monolith,2.86,148590000,1018437.2858122,145.9
ALM-10272,2026-02-18,Alatau,2,43.3,9.0,9.0,1987.0,panel,2.65,20690000,477829.09930715937,43.3
ALM-11051,2026-02-18,Nauryzbay,3,64.0,13.0,16.0,2021.0,monolith,3.0,31780000,496562.5,64.0
ALM-11173,2026-02-18,Zhetysu,3,79.4,13.0,20.0,2020.0,monolith,2.77,48570000,611712.846347607,79.4
ALM-10948,2026-02-19,Zhetysu,2,56.5,10.0,12.0,,monolith,2.85,41470000,733982.3008849558,56.5
ALM-11093,2026-02-19,Zhetysu,2,54.7,2.0,5.0,1991.0,panel,2.55,31550000,576782.4497257769,54.7
ALM-11110,2026-02-20,Almaly,1,37.8,10.0,12.0,1969.0,panel,2.7,27640000,731216.9312169313,37.8
ALM-10132,2026-02-20,Nauryzbay,2,56.8,1.0,9.0,2021.0,monolith,2.93,27960000,492253.5211267606,56.8
ALM-10803,2026-02-21,Medeu,3,85.9,9.0,9.0,2019.0,monolith,2.99,103440000,1204190.9196740396,85.9
ALM-11188,2026-02-21,Turksib,3,86.8,12.0,12.0,1971.0,panel,2.6,35130000,404723.50230414746,86.8
ALM-10742,2026-02-21,Turksib,3,77.5,2.0,9.0,1962.0,panel,2.65,39840000,514064.51612903224,77.5
ALM-10727,2026-02-22,Turksib,3,70.2,2.0,12.0,2021.0,monolith,2.81,33710000,480199.4301994302,70.2
ALM-10941,2026-02-22,Bostandyk,1,35.0,1.0,3.0,2002.0,brick,,31720000,906285.7142857143,35.0
ALM-11001,2026-02-23,Auezov,4,75.6,6.0,12.0,2013.0,monolith,2.8,54660000,723015.873015873,75.6
ALM-10800,2026-02-23,Alatau,2,54.9,3.0,9.0,1966.0,panel,2.67,22750000,414389.7996357013,54.9
ALM-11194,2026-02-23,Turksib,2,53.0,6.0,12.0,2007.0,monolith,0.0,35120000,662641.5094339623,53.0
ALM-10068,2026-02-23,Auezov,2,48.8,4.0,9.0,1991.0,panel,2.57,32730000,670696.7213114755,48.8
ALM-10856,2026-02-23,Medeu,1,39.4,7.0,12.0,1975.0,panel,2.7,42430000,1076903.5532994925,39.4
ALM-10861,2026-02-23,Bostandyk,3,91.0,1.0,9.0,2012.0,monolith,2.85,92180000,1012967.032967033,91.0
ALM-11146,2026-02-24,Almaly,2,41.8,14.0,25.0,2006.0,monolith,2.79,43860000,1049282.2966507177,41.8
ALM-10957,2026-02-24,Medeu,2,54.8,8.0,20.0,2023.0,monolith,2.84,67060000,1223722.6277372264,54.8
ALM-10642,2026-02-25,Zhetysu,1,31.9,4.0,5.0,1960.0,brick,2.89,21470000,673040.7523510972,31.9
ALM-10237,2026-02-25,,1,45.0,6.0,16.0,2023.0,monolith,2.78,46460000,1032444.4444444445,45.0
ALM-11009,2026-02-25,Nauryzbay,2,56.8,4.0,12.0,2024.0,monolith,3.0,35070000,617429.5774647888,56.8
ALM-11090,2026-02-25,Turksib,2,50.1,2.0,12.0,1983.0,panel,2.57,23210000,463273.45309381234,50.1
ALM-10078,2026-02-25,Zhetysu,4,111.7,16.0,16.0,2011.0,monolith,2.71,80880000,724082.36347359,111.7
ALM-10891,2026-02-25,Turksib,1,34.3,2.0,4.0,,brick,2.79,17760000,517784.2565597668,34.3
ALM-11084,2026-02-26,Nauryzbay,2,59.6,9.0,9.0,1969.0,panel,2.67,26560000,445637.58389261743,59.6
ALM-10937,2026-02-26,Medeu,4,103.5,1.0,5.0,1993.0,brick,2.91,103530000,1000289.8550724637,103.5
ALM-10725,2026-02-26,Alatau,2,58.3,5.0,12.0,1992.0,panel,2.66,28320000,485763.29331046314,58.3
ALM-10532,2026-02-26,Bostandyk,3,81.6,7.0,9.0,1983.0,panel,2.68,70450000,863357.8431372549,81.6
ALM-10308,2026-02-27,Alatau,2,55.0,3.0,3.0,2004.0,brick,3.1,26040000,473454.54545454547,55.0
ALM-10935,2026-02-27,Auezov,2,54.7,7.0,12.0,2010.0,monolith,2.85,41240000,753930.5301645338,54.7
ALM-11073,2026-02-27,,2,48.4,1.0,4.0,1995.0,brick,3.0,22300000,460743.80165289255,48.4
ALM-10159,2026-02-27,Medeu,1,36.4,12.0,16.0,,monolith,2.86,48000000,1318681.3186813188,36.4
ALM-10451,2026-02-27,Auezov,1,41.8,3.0,5.0,1990.0,panel,,25310000,605502.3923444976,41.8
ALM-10059,2026-02-27,Bostandyk,2,59.4,3.0,5.0,1973.0,panel,2.68,54620000,919528.6195286196,59.4
ALM-10148,2026-02-28,Auezov,2,45.4,4.0,12.0,1973.0,panel,2.62,24750000,545154.1850220264,45.4
ALM-10539,2026-03-01,Medeu,1,28.5,5.0,5.0,1970.0,panel,2.62,24220000,849824.5614035088,28.5
ALM-10072,2026-03-01,Medeu,2,530.0,9.0,20.0,,monolith,2.96,64270000,121264.15094339622,530.0
ALM-10411,2026-03-01,Bostandyk,3,75.9,2.0,4.0,1992.0,brick,,80510000,1060737.8129117258,75.9
ALM-10749,2026-03-02,Zhetysu,4,101.2,14.0,25.0,2019.0,monolith,2.93,63110000,623616.6007905138,101.2
ALM-10639,2026-03-02,Zhetysu,1,47.9,20.0,25.0,2005.0,monolith,2.96,35290000,736743.2150313152,47.9
ALM-10541,2026-03-02,Bostandyk,3,89.5,2.0,4.0,,brick,3.1,94010000,1050391.061452514,89.5
ALM-10772,2026-03-02,Zhetysu,2,53.1,1.0,5.0,1990.0,panel,2.58,32740000,616572.5047080979,53.1
ALM-11035,2026-03-02,Medeu,3,78.0,5.0,25.0,2013.0,monolith,2.87,98780000,1266410.2564102565,78.0
ALM-10805,2026-03-03,Zhetysu,4,90.3,3.0,12.0,1965.0,panel,2.6,57490000,636655.592469546,90.3
ALM-10559,2026-03-03,Almaly,2,50.0,5.0,5.0,,panel,2.68,37510000,750200.0,50.0
ALM-10438,2026-03-03,Medeu,4,96.7,4.0,4.0,1978.0,brick,3.1,124040000,1282730.0930713546,96.7
ALM-10294,2026-03-03,Medeu,1,33.1,12.0,12.0,1966.0,panel,2.65,25880000,781873.1117824774,33.1
ALM-10923,2026-03-03,Nauryzbay,2,58.7,10.0,12.0,1966.0,panel,,24680000,420442.93015332194,58.7
ALM-10872,2026-03-03,Nauryzbay,2,62.1,2.0,5.0,1992.0,panel,,26140000,420933.9774557166,62.1
ALM-11092,2026-03-03,Medeu,3,61.9,6.0,12.0,2018.0,monolith,2.79,70060000,1131825.5250403876,61.9
ALM-10502,2026-03-03,Bostandyk,1,34.0,3.0,3.0,,brick,2.74,31770000,934411.7647058824,34.0
ALM-10196,2026-03-04,Nauryzbay,5,133.3,3.0,3.0,1980.0,brick,3.07,60570000,454388.5971492873,133.3
ALM-11081,2026-03-04,Medeu,5,115.3,9.0,9.0,2008.0,monolith,2.77,141880000,1230529.0546400694,115.3
ALM-10464,2026-03-04,Almaly,3,72.9,2.0,9.0,1990.0,panel,2.7,62340000,855144.0329218106,72.9
ALM-10606,2026-03-04,Bostandyk,1,44.2,1.0,9.0,,panel,,34370000,777601.809954751,44.2
ALM-10704,2026-03-04,Auezov,2,61.3,6.0,9.0,1979.0,panel,2.66,38710000,631484.5024469821,61.3
ALM-10195,2026-03-04,Auezov,2,64.0,3.0,9.0,1987.0,brick,3.19,39780000,621562.5,64.0
ALM-10218,2026-03-05,Almaly,1,43.6,3.0,3.0,1972.0,brick,2.8,37650000,863532.1100917431,43.6
ALM-10479,2026-03-05,Almaly,3,90.3,10.0,16.0,2007.0,monolith,2.74,100750000,1115725.3599114064,90.3
ALM-11097,2026-03-05,Bostandyk,3,84.4,7.0,16.0,2014.0,monolith,2.79,82080000,972511.8483412322,84.4
ALM-10884,2026-03-05,Medeu,3,88.3,1.0,5.0,1959.0,brick,2.84,106700000,1208380.5209513025,88.3
ALM-10001,2026-03-06,Zhetysu,3,69.8,9.0,9.0,1975.0,panel,2.56,34170000,489541.547277937,69.8
ALM-10131,2026-03-06,Almaly,1,43.3,2.0,3.0,1980.0,brick,2.98,41520000,958891.454965358,43.3
ALM-11034,2026-03-06,Medeu,3,78.5,6.0,12.0,1972.0,panel,2.63,86070000,1096433.1210191082,78.5
ALM-10091,2026-03-06,Medeu,2,49.1,5.0,9.0,2024.0,monolith,3.0,56920000,1159266.8024439919,49.1
ALM-10169,2026-03-06,Turksib,1,37.8,6.0,12.0,1981.0,panel,2.62,21060000,557142.8571428572,37.8
ALM-10490,2026-03-06,Nauryzbay,4,92.1,15.0,16.0,,monolith,3.0,55450000,602062.9750271444,92.1
ALM-10848,2026-03-06,Turksib,2,37.5,9.0,16.0,2017.0,monolith,2.84,19960000,532266.6666666666,37.5
ALM-10448,2026-03-06,Bostandyk,3,92.7,10.0,12.0,1976.0,panel,2.69,82160000,886299.8921251348,92.7
ALM-11106,2026-03-07,Alatau,3,82.8,8.0,9.0,2022.0,monolith,2.91,40640000,490821.2560386474,82.8
ALM-10621,2026-03-07,Zhetysu,4,98.0,5.0,5.0,1990.0,brick,,51830000,528877.5510204082,98.0
ALM-10066,2026-03-07,Medeu,2,62.2,8.0,9.0,2017.0,monolith,2.81,72490000,1165434.0836012862,62.2
ALM-10367,2026-03-07,Alatau,2,55.5,8.0,12.0,1982.0,panel,2.68,23620000,425585.58558558556,55.5
ALM-10763,2026-03-08,Alatau,3,75.9,23.0,25.0,2014.0,monolith,2.75,43940000,578919.6310935441,75.9
ALM-10578,2026-03-08,Zhetysu,3,74.0,6.0,12.0,1965.0,panel,2.55,40160000,542702.7027027027,74.0
ALM-10153,2026-03-08,Medeu,4,123.5,1.0,4.0,2005.0,brick,3.17,132920000,1076275.3036437246,123.5
ALM-10865,2026-03-08,Zhetysu,2,53.5,6.0,9.0,1968.0,panel,2.58,24860000,464672.8971962617,53.5
ALM-10558,2026-03-08,Bostandyk,1,35.6,5.0,5.0,1974.0,panel,2.54,30140000,846629.213483146,35.6
ALM-10886,2026-03-08,Medeu,4,95.1,2.0,5.0,1974.0,panel,,97390000,1024079.9158780231,95.1
ALM-10156,2026-03-08,Bostandyk,3,65.9,1.0,3.0,,brick,2.98,54990000,834446.1305007586,65.9
ALM-10694,2026-03-08,,2,57.5,4.0,12.0,2007.0,monolith,2.87,32790000,570260.8695652174,57.5
ALM-10269,2026-03-09,Auezov,2,60.8,2.0,20.0,,monolith,2.98,44690000,735032.8947368421,60.8
ALM-10398,2026-03-09,Auezov,2,62.5,11.0,25.0,2015.0,monolith,2.8,44570000,713120.0,62.5
ALM-10174,2026-03-09,Bostandyk,3,79.6,4.0,9.0,,panel,2.55,66790000,839070.351758794,79.6
ALM-10612,2026-03-10,Auezov,4,117.7,8.0,9.0,1984.0,brick,3.02,89990000,764570.9430756159,117.7
ALM-10359,2026-03-10,Zhetysu,1,44.8,14.0,16.0,2020.0,monolith,2.77,31820000,710267.8571428572,44.8
ALM-10048,2026-03-10,Zhetysu,2,59.5,9.0,25.0,2008.0,monolith,2.83,43240000,726722.6890756303,59.5
ALM-10883,2026-03-10,Bostandyk,2,63.4,2.0,4.0,1983.0,brick,3.03,61130000,964195.5835962145,63.4
ALM-10701,2026-03-10,,4,104.6,1.0,9.0,1952.0,brick,2.9,71160000,680305.9273422563,104.6
ALM-10468,2026-03-10,,4,93.8,1.0,4.0,1955.0,brick,3.17,93130000,992857.1428571428,93.8
ALM-11031,2026-03-11,Turksib,3,70.6,2.0,5.0,2001.0,brick,3.1,39150000,554532.5779036827,70.6
ALM-10638,2026-03-11,,1,44.6,3.0,3.0,1981.0,brick,2.79,40250000,902466.3677130045,44.6
ALM-10067,2026-03-11,Almaly,2,54.6,1.0,12.0,,monolith,2.97,50060000,916849.8168498168,54.6
ALM-10975,2026-03-11,Alatau,3,73.1,11.0,12.0,1992.0,panel,2.55,30950000,423392.61285909713,73.1
ALM-10721,2026-03-12,Bostandyk,3,80.1,18.0,20.0,2012.0,monolith,2.95,85880000,1072159.8002496879,80.1
ALM-10332,2026-03-12,Medeu,2,57.0,8.0,9.0,1963.0,brick,3.06,68130000,1195263.1578947369,57.0
ALM-10262,2026-03-12,,1,44.8,19.0,20.0,,monolith,2.83,31060000,693303.5714285715,44.8
ALM-11040,2026-03-13,Nauryzbay,2,65.5,7.0,12.0,,panel,2.69,31240000,476946.56488549616,65.5
ALM-10770,2026-03-13,Bostandyk,1,40.0,18.0,20.0,2022.0,monolith,2.89,48270000,1206750.0,40.0
ALM-10302,2026-03-13,Bostandyk,2,51.7,2.0,3.0,1973.0,brick,,53760000,1039845.2611218569,51.7
ALM-10660,2026-03-14,Zhetysu,1,45.9,5.0,9.0,1972.0,panel,2.51,28510000,621132.8976034858,45.9
ALM-10201,2026-03-14,Medeu,3,70.5,1.0,12.0,2023.0,monolith,2.92,77740000,1102695.035460993,70.5
ALM-10118,2026-03-14,Zhetysu,1,37.4,8.0,9.0,1982.0,panel,2.57,20740000,554545.4545454546,37.4
ALM-10055,2026-03-14,Zhetysu,1,46.8,9.0,9.0,1957.0,brick,2.81,27140000,579914.52991453,46.8
ALM-10058,2026-03-15,Bostandyk,2,555.0,4.0,12.0,2013.0,monolith,2.84,66270000,119405.4054054054,555.0
ALM-10105,2026-03-15,Bostandyk,2,61.9,11.0,12.0,2013.0,monolith,2.98,73030000,1179806.138933764,61.9
ALM-10070,2026-03-15,Nauryzbay,2,54.4,8.0,9.0,1965.0,panel,2.67,23350000,429227.9411764706,54.4
ALM-10586,2026-03-15,Medeu,2,57.6,4.0,12.0,1966.0,panel,2.52,60430000,1049131.9444444445,57.6
ALM-10508,2026-03-15,Almaly,2,58.8,3.0,3.0,1959.0,brick,2.74,54570000,928061.224489796,58.8
ALM-10414,2026-03-15,Almaly,3,77.4,6.0,9.0,1963.0,panel,2.65,61650000,796511.6279069767,77.4
ALM-10337,2026-03-16,Medeu,2,57.6,9.0,9.0,2019.0,monolith,2.95,62570000,1086284.7222222222,57.6
ALM-11195,2026-03-16,Zhetysu,3,75.2,9.0,9.0,1989.0,brick,2.75,41760000,555319.1489361702,75.2
ALM-10429,2026-03-16,Almaly,2,58.9,3.0,9.0,1965.0,brick,2.89,54740000,929371.8166383702,58.9
ALM-10557,2026-03-17,Bostandyk,1,37.9,6.0,9.0,1969.0,panel,,28180000,743535.6200527705,37.9
ALM-10030,2026-03-17,Turksib,3,88.1,11.0,12.0,2017.0,monolith,,53370000,605788.876276958,88.1
ALM-10527,2026-03-17,Nauryzbay,1,35.1,6.0,9.0,2007.0,monolith,2.82,19490000,555270.6552706553,35.1
ALM-11088,2026-03-18,Bostandyk,3,94.5,3.0,20.0,2008.0,monolith,2.99,98390000,1041164.0211640212,94.5
ALM-11183,2026-03-18,Zhetysu,2,69.8,1.0,9.0,,panel,2.54,33260000,476504.29799426935,69.8
ALM-11161,2026-03-18,Alatau,3,87.5,2.0,3.0,2002.0,brick,2.79,45200000,516571.4285714286,87.5
ALM-11087,2026-03-18,Bostandyk,2,43.6,5.0,5.0,1955.0,brick,3.17,38350000,879587.1559633027,43.6
ALM-10379,2026-03-18,Nauryzbay,2,55.1,4.0,5.0,1971.0,panel,2.69,24520000,445009.07441016333,55.1
ALM-10338,2026-03-18,Alatau,3,69.0,3.0,5.0,1973.0,panel,2.58,30360000,440000.0,69.0
ALM-10369,2026-03-18,Bostandyk,3,84.8,8.0,25.0,,monolith,2.74,91720000,1081603.7735849058,84.8
ALM-11127,2026-03-18,Alatau,2,56.4,17.0,25.0,2011.0,monolith,2.79,31660000,561347.5177304965,56.4
ALM-10589,2026-03-19,Zhetysu,1,38.7,5.0,12.0,2020.0,monolith,2.91,25840000,667700.2583979327,38.7
ALM-10396,2026-03-19,Zhetysu,2,55.2,11.0,12.0,1969.0,panel,,31640000,573188.4057971014,55.2
ALM-10650,2026-03-19,Turksib,1,34.4,5.0,5.0,1988.0,panel,2.63,17020000,494767.44186046516,34.4
ALM-10899,2026-03-19,Zhetysu,2,61.1,9.0,9.0,1957.0,brick,2.94,36600000,599018.0032733224,61.1
ALM-11155,2026-03-20,Auezov,3,71.8,7.0,16.0,2008.0,monolith,2.93,54240000,755431.7548746518,71.8
ALM-11182,2026-03-20,Auezov,1,34.3,2.0,3.0,2004.0,brick,2.77,20080000,585422.7405247814,34.3
ALM-10743,2026-03-20,Bostandyk,3,82.2,1.0,5.0,1978.0,panel,2.55,69380000,844038.9294403893,82.2
ALM-10876,2026-03-20,Turksib,1,40.8,5.0,5.0,1966.0,panel,0.0,17250000,422794.11764705885,40.8
ALM-10827,2026-03-20,Bostandyk,2,61.5,12.0,25.0,2019.0,monolith,2.96,58640000,953495.9349593496,61.5
ALM-10064,2026-03-20,Auezov,1,35.4,8.0,16.0,2008.0,monolith,2.98,25180000,711299.4350282486,35.4
ALM-10022,2026-03-21,Alatau,3,75.6,9.0,20.0,2023.0,monolith,3.0,49100000,649470.8994708995,75.6
ALM-11169,2026-03-21,Turksib,2,53.8,2.0,5.0,1982.0,panel,,27190000,505390.3345724907,53.8
ALM-10971,2026-03-21,Alatau,3,79.6,1.0,5.0,1977.0,panel,2.53,33590000,421984.9246231156,79.6
ALM-11039,2026-03-21,Almaly,2,58.7,8.0,9.0,1970.0,panel,2.56,48520000,826575.8091993185,58.7
ALM-10463,2026-03-22,Bostandyk,3,49.7,15.0,25.0,2023.0,monolith,2.8,45490000,915291.750503018,49.7
ALM-10963,2026-03-22,Alatau,4,112.0,5.0,20.0,2017.0,monolith,2.81,67380000,601607.1428571428,112.0
ALM-11180,2026-03-22,Zhetysu,3,79.8,6.0,16.0,2012.0,monolith,2.84,58040000,727318.2957393484,79.8
ALM-10014,2026-03-22,Medeu,1,41.0,18.0,20.0,2016.0,monolith,0.0,49000000,1195121.9512195121,41.0
ALM-11104,2026-03-22,Nauryzbay,2,48.9,4.0,5.0,1987.0,panel,2.51,19560000,400000.0,48.9
ALM-10567,2026-03-23,Bostandyk,4,135.8,5.0,12.0,1974.0,panel,2.57,119960000,883357.8792341679,135.8
ALM-11184,2026-03-23,Bostandyk,3,83.0,8.0,12.0,1982.0,panel,2.55,91280000,1099759.0361445784,83.0
ALM-10543,2026-03-23,Alatau,2,58.4,6.0,9.0,2023.0,monolith,2.97,37480000,641780.8219178083,58.4
ALM-11199,2026-03-23,Medeu,2,55.5,7.0,16.0,2009.0,monolith,2.91,71300000,1284684.6846846847,55.5
ALM-10654,2026-03-23,Turksib,1,43.6,1.0,3.0,1982.0,brick,2.96,20740000,475688.0733944954,43.6
ALM-10467,2026-03-23,Nauryzbay,1,37.8,3.0,4.0,1982.0,brick,3.19,19070000,504497.35449735454,37.8
ALM-10034,2026-03-23,Turksib,2,67.6,5.0,9.0,1961.0,brick,,43390000,641863.9053254438,67.6
ALM-10869,2026-03-23,Auezov,2,63.8,2.0,5.0,1977.0,panel,,38350000,601097.1786833856,63.8
ALM-10495,2026-03-23,,1,34.8,7.0,9.0,1981.0,panel,2.62,26720000,767816.091954023,34.8
ALM-10607,2026-03-24,Nauryzbay,1,36.7,10.0,20.0,2014.0,monolith,2.77,17520000,477384.19618528604,36.7
ALM-10465,2026-03-24,Nauryzbay,1,28.3,3.0,3.0,1995.0,brick,3.16,13850000,489399.29328621906,28.3
ALM-10849,2026-03-24,Bostandyk,1,34.3,5.0,5.0,1986.0,brick,2.85,33720000,983090.3790087465,34.3
ALM-10103,2026-03-24,Zhetysu,3,70.3,20.0,25.0,2021.0,monolith,2.75,55370000,787624.466571835,70.3
ALM-10714,2026-03-24,Turksib,2,54.9,8.0,9.0,1991.0,panel,2.56,29050000,529143.8979963571,54.9
ALM-10354,2026-03-24,Turksib,1,40.5,6.0,16.0,,monolith,2.75,26060000,643456.7901234567,40.5
ALM-10500,2026-03-24,Zhetysu,1,37.3,1.0,5.0,,panel,2.54,17210000,461394.1018766756,37.3
ALM-10773,2026-03-24,Turksib,1,36.1,3.0,4.0,,brick,2.83,20630000,571468.1440443213,36.1
ALM-10388,2026-03-25,Nauryzbay,3,75.8,4.0,4.0,1973.0,brick,3.05,32370000,427044.8548812665,75.8
ALM-10752,2026-03-25,Auezov,1,36.6,2.0,5.0,1986.0,panel,2.55,25420000,694535.519125683,36.6
ALM-11075,2026-03-25,Bostandyk,1,42.0,3.0,4.0,1952.0,brick,3.02,42390000,1009285.7142857143,42.0
ALM-10499,2026-03-25,Alatau,2,58.0,1.0,3.0,1953.0,brick,3.19,28590000,492931.0344827586,58.0
ALM-11152,2026-03-25,Zhetysu,1,35.2,15.0,25.0,2010.0,monolith,2.93,22060000,626704.5454545454,35.2
ALM-11057,2026-03-26,Alatau,2,52.6,14.0,16.0,2009.0,monolith,2.96,31490000,598669.2015209126,52.6
ALM-10333,2026-03-26,Zhetysu,4,85.7,2.0,3.0,1981.0,brick,2.77,57080000,666044.3407234539,85.7
ALM-11018,2026-03-26,Nauryzbay,3,70.3,9.0,16.0,2013.0,monolith,2.91,35200000,500711.2375533428,70.3
ALM-11077,2026-03-26,Zhetysu,1,36.4,12.0,12.0,2012.0,monolith,2.82,22940000,630219.7802197803,36.4
ALM-10867,2026-03-26,Auezov,1,31.3,10.0,25.0,2012.0,monolith,2.94,24080000,769329.0734824281,31.3
ALM-10573,2026-03-27,Auezov,3,73.9,5.0,9.0,2011.0,monolith,2.97,58940000,797564.2760487144,73.9
ALM-10116,2026-03-27,Medeu,1,29.5,12.0,25.0,2024.0,monolith,2.88,36040000,1221694.9152542374,29.5
ALM-10630,2026-03-27,Alatau,4,116.2,8.0,12.0,1974.0,panel,,46720000,402065.404475043,116.2
ALM-10953,2026-03-28,Auezov,2,45.7,6.0,20.0,2005.0,monolith,2.9,32890000,719693.6542669584,45.7
ALM-10830,2026-03-28,Nauryzbay,2,57.3,3.0,3.0,1976.0,brick,2.95,30840000,538219.8952879581,57.3
ALM-10922,2026-03-28,Bostandyk,3,78.5,6.0,9.0,1984.0,panel,2.6,57380000,730955.4140127389,78.5
ALM-10629,2026-03-28,Medeu,3,68.5,8.0,16.0,2011.0,monolith,2.96,86560000,1263649.6350364964,68.5
ALM-10471,2026-03-28,Bostandyk,2,55.8,4.0,4.0,1982.0,brick,3.18,45840000,821505.376344086,55.8
ALM-10093,2026-03-30,Nauryzbay,2,67.8,1.0,9.0,1977.0,panel,2.59,25390000,374483.77581120946,67.8
ALM-10564,2026-03-30,Bostandyk,2,55.5,3.0,20.0,2015.0,monolith,2.84,62610000,1128108.1081081082,55.5
ALM-10699,2026-03-30,Auezov,3,78.4,3.0,4.0,1987.0,brick,2.91,59510000,759056.1224489795,78.4
ALM-10221,2026-03-30,Alatau,3,77.3,3.0,9.0,1979.0,panel,2.67,32640000,422250.9702457956,77.3
ALM-10076,2026-03-31,Nauryzbay,3,64.2,9.0,9.0,1966.0,panel,2.58,24480000,381308.41121495323,64.2
ALM-10985,2026-03-31,Nauryzbay,2,48.0,2.0,9.0,1975.0,panel,2.61,18340000,382083.3333333333,48.0
ALM-10395,2026-03-31,Turksib,3,79.8,10.0,20.0,2006.0,monolith,2.9,56200000,704260.6516290727,79.8
ALM-10092,2026-03-31,Almaly,3,85.5,1.0,5.0,1992.0,panel,2.59,64660000,756257.3099415204,85.5
ALM-10778,2026-03-31,Bostandyk,4,96.3,6.0,9.0,1994.0,brick,2.77,85410000,886915.8878504673,96.3
ALM-10036,2026-03-31,Medeu,1,36.1,3.0,3.0,1981.0,brick,3.06,38780000,1074238.2271468143,36.1
ALM-10719,2026-03-31,,3,87.6,8.0,16.0,2008.0,monolith,2.78,42480000,484931.5068493151,87.6
ALM-10775,2026-03-31,Nauryzbay,4,115.2,2.0,9.0,2022.0,monolith,2.88,62270000,540538.1944444444,115.2
ALM-10688,2026-04-01,Nauryzbay,1,29.6,6.0,12.0,2016.0,monolith,2.77,17540000,592567.5675675676,29.6
ALM-11124,2026-04-01,Nauryzbay,2,49.4,5.0,12.0,1964.0,panel,,18680000,378137.6518218624,49.4
ALM-10297,2026-04-01,Auezov,2,58.7,18.0,20.0,2018.0,monolith,2.91,42740000,728109.0289608177,58.7
ALM-10668,2026-04-01,Almaly,2,61.1,9.0,9.0,2008.0,monolith,2.85,62020000,1015057.2831423895,61.1
ALM-11085,2026-04-01,Nauryzbay,2,58.4,2.0,4.0,1961.0,brick,,27540000,471575.34246575343,58.4
ALM-10355,2026-04-02,Turksib,2,49.9,1.0,5.0,1979.0,brick,2.98,24840000,497795.59118236473,49.9
ALM-10362,2026-04-02,Turksib,2,64.5,1.0,20.0,2015.0,monolith,2.82,32780000,508217.05426356586,64.5
ALM-10141,2026-04-02,Medeu,1,31.9,4.0,9.0,1973.0,panel,,32440000,1016927.8996865205,31.9
ALM-10700,2026-04-02,Almaly,2,50.0,5.0,16.0,2007.0,monolith,2.87,50470000,1009400.0,50.0
ALM-10019,2026-04-03,Alatau,1,37.7,21.0,25.0,2015.0,monolith,2.84,20320000,538992.0424403183,37.7
ALM-10046,2026-04-03,Alatau,2,47.0,11.0,16.0,2009.0,monolith,2.87,24770000,527021.2765957447,47.0
ALM-10924,2026-04-03,Alatau,2,56.2,5.0,5.0,1969.0,panel,2.67,25860000,460142.34875444835,56.2
ALM-11103,2026-04-04,Medeu,1,43.1,9.0,12.0,1967.0,panel,2.57,40050000,929234.3387470997,43.1
ALM-10685,2026-04-04,Bostandyk,2,52.0,3.0,5.0,1973.0,brick,2.83,48860000,939615.3846153846,52.0
ALM-11109,2026-04-04,Almaly,2,57.5,25.0,25.0,2008.0,monolith,2.74,56470000,982086.9565217391,57.5
ALM-10212,2026-04-04,Nauryzbay,2,54.0,9.0,12.0,1970.0,panel,2.61,19220000,355925.9259259259,54.0
ALM-10561,2026-04-04,Nauryzbay,2,54.8,1.0,5.0,1956.0,brick,2.74,27180000,495985.40145985404,54.8
ALM-10364,2026-04-05,Auezov,1,42.6,3.0,5.0,1967.0,panel,2.62,25250000,592723.0046948356,42.6
ALM-10858,2026-04-05,Alatau,3,76.3,2.0,4.0,1964.0,brick,,40000000,524246.39580602886,76.3
ALM-11044,2026-04-05,Zhetysu,3,83.2,2.0,12.0,2017.0,monolith,2.98,55240000,663942.3076923076,83.2
ALM-10268,2026-04-05,Turksib,2,55.5,3.0,9.0,1982.0,panel,2.66,26880000,484324.3243243243,55.5
ALM-10353,2026-04-06,Almaly,3,86.1,12.0,12.0,1972.0,panel,2.57,63220000,734262.4854819977,86.1
ALM-10816,2026-04-06,Medeu,5,141.2,3.0,9.0,1988.0,panel,2.59,133880000,948158.640226629,141.2
ALM-10504,2026-04-06,Medeu,2,53.7,7.0,25.0,2020.0,monolith,2.73,63550000,1183426.4432029794,53.7
ALM-10378,2026-04-06,Auezov,1,41.4,5.0,9.0,1973.0,panel,2.68,22290000,538405.7971014493,41.4
ALM-10940,2026-04-06,Auezov,3,67.9,1.0,3.0,1973.0,brick,3.04,44490000,655228.2768777614,67.9
ALM-10544,2026-04-07,Almaly,2,57.0,4.0,4.0,1982.0,brick,3.08,46990000,824385.9649122807,57.0
ALM-10041,2026-04-07,Alatau,2,68.4,7.0,9.0,1960.0,brick,3.09,34880000,509941.52046783624,68.4
ALM-10371,2026-04-07,Auezov,3,78.1,4.0,5.0,1968.0,panel,,47430000,607298.3354673496,78.1
ALM-10553,2026-04-07,Turksib,4,108.0,2.0,5.0,1984.0,panel,2.61,55250000,511574.0740740741,108.0
ALM-11061,2026-04-08,Zhetysu,1,42.1,1.0,4.0,1961.0,brick,,22940000,544893.1116389548,42.1
ALM-10681,2026-04-08,,3,80.5,12.0,12.0,1973.0,panel,,66190000,822236.0248447205,80.5
ALM-10370,2026-04-08,Zhetysu,3,81.3,17.0,20.0,2016.0,monolith,2.88,61960000,762115.6211562116,81.3
ALM-10828,2026-04-08,Medeu,3,81.3,3.0,5.0,1988.0,brick,2.88,74160000,912177.1217712178,81.3
ALM-10809,2026-04-08,Auezov,3,72.9,9.0,9.0,1966.0,panel,2.52,44410000,609190.6721536351,72.9
ALM-10200,2026-04-09,Bostandyk,1,45.3,9.0,25.0,2016.0,monolith,2.71,49800000,1099337.7483443709,45.3
ALM-10905,2026-04-09,Medeu,4,109.0,8.0,12.0,1981.0,panel,2.52,89490000,821009.1743119266,109.0
ALM-10915,2026-04-09,Alatau,4,100.6,7.0,9.0,1985.0,panel,2.51,45410000,451391.65009940363,100.6
ALM-10839,2026-04-09,Medeu,2,52.8,5.0,5.0,1984.0,panel,2.61,47730000,903977.2727272728,52.8
ALM-10655,2026-04-09,Medeu,3,83.0,2.0,9.0,2000.0,brick,2.9,98420000,1185783.1325301204,83.0
ALM-10346,2026-04-09,Nauryzbay,2,67.8,8.0,9.0,2024.0,monolith,0.0,32790000,483628.31858407083,67.8
ALM-10313,2026-04-10,Auezov,3,84.0,3.0,5.0,1991.0,panel,2.63,49870000,593690.4761904762,84.0
ALM-10358,2026-04-10,Bostandyk,3,69.8,11.0,20.0,2020.0,monolith,2.79,78490000,1124498.5673352436,69.8
ALM-10327,2026-04-10,Auezov,1,42.2,10.0,12.0,2017.0,monolith,3.0,32550000,771327.0142180094,42.2
ALM-10194,2026-04-10,Medeu,2,52.3,5.0,5.0,1971.0,panel,2.66,43440000,830592.7342256214,52.3
ALM-10689,2026-04-10,Nauryzbay,2,56.8,3.0,9.0,1986.0,panel,2.55,23130000,407218.309859155,56.8
ALM-10860,2026-04-11,Turksib,2,54.3,6.0,9.0,1978.0,panel,,25260000,465193.3701657459,54.3
ALM-10392,2026-04-11,Alatau,4,110.2,6.0,9.0,2010.0,monolith,0.0,60140000,545735.0272232305,110.2
ALM-10144,2026-04-11,Nauryzbay,1,35.4,4.0,25.0,2024.0,monolith,2.71,17910000,505932.20338983054,35.4
ALM-10780,2026-04-11,Zhetysu,1,34.2,1.0,9.0,1992.0,brick,3.05,19020000,556140.3508771929,34.2
ALM-11108,2026-04-12,Turksib,5,114.5,20.0,25.0,2009.0,monolith,2.82,65980000,576244.5414847161,114.5
ALM-11113,2026-04-12,Medeu,1,45.4,4.0,5.0,1977.0,panel,2.61,39930000,879515.4185022027,45.4
ALM-10439,2026-04-13,Almaly,5,148.4,2.0,9.0,,panel,2.69,125650000,846698.1132075471,148.4
ALM-10444,2026-04-13,Alatau,2,56.3,2.0,9.0,1986.0,panel,2.68,24770000,439964.4760213144,56.3
ALM-10032,2026-04-13,Almaly,1,38.4,1.0,9.0,1972.0,panel,2.56,27230000,709114.5833333334,38.4
ALM-10012,2026-04-13,Turksib,1,25.8,5.0,5.0,1980.0,panel,2.66,12210000,473255.81395348837,25.8
ALM-10582,2026-04-13,Zhetysu,2,63.9,21.0,25.0,2023.0,monolith,2.85,47310000,740375.5868544601,63.9
ALM-11112,2026-04-13,Turksib,2,34.3,9.0,9.0,1990.0,panel,,15310000,446355.68513119535,34.3
ALM-11130,2026-04-13,Nauryzbay,1,34.2,4.0,9.0,1964.0,panel,2.53,14830000,433625.730994152,34.2
ALM-10829,2026-04-13,Bostandyk,3,73.2,4.0,20.0,2024.0,monolith,2.92,86570000,1182650.2732240437,73.2
ALM-10373,2026-04-13,Almaly,1,36.4,3.0,5.0,1978.0,panel,2.51,28020000,769780.2197802198,36.4
ALM-10381,2026-04-14,Nauryzbay,1,39.7,3.0,9.0,2011.0,monolith,2.94,22490000,566498.7405541561,39.7
ALM-10255,2026-04-14,Zhetysu,2,55.5,5.0,9.0,2014.0,monolith,2.76,41500000,747747.7477477477,55.5
ALM-10853,2026-04-15,Auezov,1,36.7,5.0,5.0,,brick,2.93,22260000,606539.5095367847,36.7
ALM-10146,2026-04-15,Almaly,1,36.7,1.0,3.0,1978.0,brick,2.82,31850000,867847.4114441416,36.7
ALM-10432,2026-04-15,Auezov,1,36.5,2.0,5.0,1986.0,panel,2.56,19720000,540273.9726027397,36.5
ALM-11131,2026-04-15,,2,54.7,7.0,9.0,1999.0,brick,2.71,26640000,487020.10968921386,54.7
ALM-10769,2026-04-15,Auezov,2,59.5,7.0,9.0,1978.0,panel,2.68,31760000,533781.512605042,59.5
ALM-10620,2026-04-16,Bostandyk,2,53.6,3.0,5.0,1967.0,panel,,53670000,1001305.9701492537,53.6
ALM-10575,2026-04-16,Turksib,2,46.0,10.0,20.0,2022.0,monolith,2.93,33390000,725869.5652173914,46.0
ALM-10903,2026-04-17,Bostandyk,2,59.0,2.0,4.0,1981.0,brick,2.75,70470000,1194406.779661017,59.0
ALM-10435,2026-04-17,Nauryzbay,2,68.5,11.0,12.0,1964.0,panel,,31470000,459416.0583941606,68.5
ALM-10771,2026-04-17,Nauryzbay,2,47.4,14.0,20.0,2010.0,monolith,2.89,27090000,571518.9873417722,47.4
ALM-10330,2026-04-17,Turksib,3,86.3,7.0,9.0,1974.0,panel,,36610000,424217.8447276941,86.3
ALM-10966,2026-04-17,Bostandyk,4,108.8,17.0,20.0,2015.0,monolith,3.0,116270000,1068658.0882352942,108.8
ALM-10102,2026-04-17,Alatau,3,72.6,5.0,5.0,1974.0,panel,2.7,31240000,430303.03030303033,72.6
ALM-10972,2026-04-17,,2,64.5,3.0,12.0,1991.0,panel,2.7,28780000,446201.5503875969,64.5
ALM-11007,2026-04-18,Almaly,1,42.4,6.0,12.0,1975.0,panel,2.52,31370000,739858.4905660377,42.4
ALM-10982,2026-04-18,Nauryzbay,3,82.1,5.0,5.0,1984.0,panel,2.68,33510000,408160.7795371498,82.1
ALM-11013,2026-04-18,Bostandyk,1,36.0,8.0,9.0,1977.0,panel,,37430000,1039722.2222222222,36.0
ALM-10602,2026-04-18,Auezov,2,53.7,5.0,12.0,1988.0,panel,2.53,34420000,640968.3426443202,53.7
ALM-10726,2026-04-18,Alatau,1,34.0,2.0,9.0,2023.0,monolith,2.79,17490000,514411.76470588235,34.0
ALM-10716,2026-04-18,Zhetysu,1,35.3,1.0,9.0,1990.0,panel,2.57,17680000,500849.85835694056,35.3
ALM-10415,2026-04-18,Auezov,1,42.8,1.0,9.0,1987.0,panel,2.51,21530000,503037.3831775701,42.8
ALM-10382,2026-04-18,Zhetysu,2,61.1,3.0,9.0,1980.0,panel,2.6,35540000,581669.3944353518,61.1
ALM-11066,2026-04-18,Alatau,3,65.6,9.0,12.0,1969.0,panel,2.65,29120000,443902.4390243903,65.6
ALM-10360,2026-04-18,Auezov,1,36.9,3.0,4.0,1993.0,brick,,27700000,750677.5067750678,36.9
ALM-10645,2026-04-19,Turksib,2,48.6,5.0,9.0,1980.0,brick,,23070000,474691.35802469135,48.6
ALM-10979,2026-04-19,Medeu,2,55.5,4.0,4.0,2004.0,brick,,54400000,980180.1801801802,55.5
ALM-10087,2026-04-19,Zhetysu,2,67.6,8.0,9.0,1978.0,panel,2.51,38130000,564053.2544378699,67.6
ALM-11190,2026-04-19,Medeu,3,87.8,4.0,5.0,1961.0,brick,2.78,99540000,1133712.9840546697,87.8
ALM-10723,2026-04-19,Bostandyk,1,38.0,12.0,20.0,2015.0,monolith,2.81,43960000,1156842.105263158,38.0
ALM-11023,2026-04-19,Nauryzbay,3,80.7,8.0,9.0,,panel,2.68,35090000,434820.32218091696,80.7
ALM-10854,2026-04-19,Alatau,1,50.2,16.0,20.0,2022.0,monolith,2.93,26100000,519920.31872509955,50.2
ALM-10208,2026-04-19,,1,37.8,2.0,5.0,1989.0,panel,,17470000,462169.3121693122,37.8
ALM-10226,2026-04-20,Nauryzbay,3,80.1,6.0,9.0,2024.0,monolith,2.83,42040000,524843.9450686642,80.1
ALM-10496,2026-04-20,Turksib,3,79.0,5.0,12.0,1987.0,panel,,36810000,465949.36708860757,79.0
ALM-10777,2026-04-21,Auezov,4,99.6,10.0,20.0,2020.0,monolith,2.95,69570000,698493.9759036145,99.6
ALM-10989,2026-04-21,Auezov,3,75.8,6.0,16.0,2006.0,monolith,2.93,61840000,815831.1345646438,75.8
ALM-11095,2026-04-21,Almaly,2,53.6,15.0,16.0,2005.0,monolith,2.77,58980000,1100373.134328358,53.6
ALM-11179,2026-04-21,Auezov,1,40.6,9.0,9.0,1972.0,panel,2.64,21730000,535221.6748768473,40.6
ALM-11012,2026-04-21,Almaly,1,40.7,3.0,4.0,1951.0,brick,3.2,39770000,977149.8771498771,40.7
ALM-11064,2026-04-21,Zhetysu,3,103.5,2.0,5.0,1950.0,brick,2.93,66840000,645797.1014492754,103.5
ALM-11047,2026-04-21,Almaly,1,37.2,10.0,20.0,,monolith,2.82,40200000,1080645.1612903224,37.2
ALM-10050,2026-04-21,Bostandyk,4,85.3,12.0,12.0,2016.0,monolith,2.95,92980000,1090035.1699882767,85.3
ALM-11019,2026-04-21,Almaly,2,56.6,3.0,3.0,1955.0,brick,0.0,47960000,847349.8233215547,56.6
ALM-10085,2026-04-22,Alatau,2,51.8,10.0,20.0,2007.0,monolith,2.72,26300000,507722.00772200775,51.8
ALM-10207,2026-04-22,,3,86.0,3.0,9.0,,panel,2.66,32910000,382674.4186046512,86.0
ALM-10921,2026-04-22,Zhetysu,3,668.0,5.0,5.0,1962.0,brick,2.7,38560000,57724.55089820359,668.0
ALM-10667,2026-04-22,,2,45.7,5.0,9.0,2024.0,monolith,2.71,28090000,614660.8315098468,45.7
ALM-10741,2026-04-22,Auezov,4,102.6,,16.0,2015.0,monolith,2.98,73860000,719883.0409356726,102.6
ALM-10964,2026-04-23,Medeu,2,66.2,13.0,25.0,2012.0,monolith,2.75,73050000,1103474.3202416918,66.2
ALM-11117,2026-04-23,Alatau,2,61.9,9.0,9.0,2015.0,monolith,2.7,32560000,526009.6930533118,61.9
ALM-10219,2026-04-24,Turksib,2,61.7,15.0,16.0,2006.0,monolith,2.75,38120000,617828.2009724473,61.7
ALM-10210,2026-04-24,Medeu,2,61.6,5.0,9.0,2010.0,monolith,2.93,70860000,1150324.6753246754,61.6
ALM-10585,2026-04-24,Turksib,3,84.1,2.0,3.0,1981.0,brick,3.15,51150000,608204.51843044,84.1
ALM-10866,2026-04-24,Auezov,2,56.5,20.0,20.0,2015.0,monolith,2.72,36800000,651327.4336283186,56.5
ALM-10933,2026-04-25,Auezov,3,77.4,3.0,3.0,1992.0,brick,2.85,51210000,661627.9069767442,77.4
ALM-10488,2026-04-25,Turksib,1,31.8,3.0,3.0,1975.0,brick,3.16,16950000,533018.8679245283,31.8
ALM-10511,2026-04-25,Nauryzbay,1,28.8,7.0,12.0,2024.0,monolith,2.79,17480000,606944.4444444444,28.8
ALM-10530,2026-04-25,Almaly,2,57.8,3.0,9.0,1966.0,panel,2.65,47940000,829411.7647058824,57.8
ALM-10040,2026-04-25,Nauryzbay,2,71.8,5.0,12.0,1971.0,panel,2.6,32430000,451671.3091922006,71.8
ALM-10841,2026-04-25,Auezov,2,48.7,9.0,12.0,2013.0,monolith,2.92,42240000,867351.1293634496,48.7
ALM-10442,2026-04-26,Zhetysu,3,70.5,2.0,9.0,2021.0,monolith,2.87,48140000,682836.8794326241,70.5
ALM-10510,2026-04-26,Turksib,2,57.0,12.0,12.0,1984.0,panel,,25760000,451929.8245614035,57.0
ALM-10073,2026-04-26,Turksib,1,36.2,7.0,9.0,1978.0,panel,2.6,18540000,512154.69613259664,36.2
ALM-10083,2026-04-27,Nauryzbay,2,61.1,12.0,12.0,2020.0,monolith,2.79,28990000,474468.08510638296,61.1
ALM-10326,2026-04-28,Bostandyk,2,67.7,4.0,5.0,1964.0,brick,2.7,72110000,1065140.3249630723,67.7
ALM-10198,2026-04-28,Alatau,2,60.9,8.0,9.0,1981.0,panel,2.53,25950000,426108.37438423646,60.9
ALM-10592,2026-04-28,Zhetysu,4,102.4,9.0,9.0,1981.0,panel,2.52,59010000,576269.53125,102.4
ALM-10762,2026-04-28,Bostandyk,1,39.9,5.0,9.0,1988.0,panel,2.69,30390000,761654.1353383459,39.9
ALM-10692,2026-04-28,,2,72.2,5.0,9.0,2005.0,monolith,2.75,52800000,731301.9390581717,72.2
ALM-11172,2026-04-28,Medeu,2,55.7,3.0,9.0,1974.0,panel,2.52,57820000,1038061.0412926391,55.7
ALM-11166,2026-04-28,Auezov,2,43.8,12.0,12.0,2016.0,monolith,2.81,32160000,734246.5753424658,43.8
ALM-10374,2026-04-28,Auezov,3,82.3,1.0,9.0,1986.0,panel,2.68,46060000,559659.7812879708,82.3
ALM-10433,2026-04-29,Turksib,3,85.0,4.0,9.0,,panel,2.68,38980000,458588.23529411765,85.0
ALM-10584,2026-04-29,Auezov,1,43.1,1.0,5.0,1979.0,panel,2.53,26870000,623433.8747099767,43.1
ALM-10454,2026-04-29,Auezov,2,54.0,8.0,9.0,1964.0,panel,,33660000,623333.3333333334,54.0
ALM-11174,2026-04-29,Auezov,1,37.2,2.0,3.0,1990.0,brick,2.79,25440000,683870.9677419354,37.2
ALM-10033,2026-04-29,Turksib,2,53.5,8.0,9.0,2008.0,monolith,2.88,29050000,542990.6542056075,53.5
ALM-10106,2026-04-30,Almaly,2,55.7,4.0,5.0,1963.0,brick,3.13,58840000,1056373.4290843806,55.7
ALM-11191,2026-04-30,Bostandyk,2,58.4,9.0,9.0,1973.0,panel,,46880000,802739.7260273973,58.4
ALM-10947,2026-04-30,Zhetysu,3,77.2,6.0,9.0,1996.0,brick,2.94,52270000,677072.5388601036,77.2
ALM-10108,2026-04-30,Auezov,1,41.3,1.0,9.0,2024.0,monolith,2.71,25060000,606779.6610169492,41.3
ALM-10597,2026-05-01,Medeu,3,66.5,8.0,9.0,1997.0,brick,2.87,74930000,1126766.917293233,66.5
ALM-10890,2026-05-01,Almaly,2,62.6,1.0,5.0,1965.0,panel,,48690000,777795.5271565495,62.6
ALM-10163,2026-05-01,Almaly,3,65.4,10.0,20.0,2012.0,monolith,2.78,65220000,997247.7064220182,65.4
ALM-10588,2026-05-01,Alatau,3,79.5,5.0,12.0,1983.0,panel,2.58,33220000,417861.6352201258,79.5
ALM-10814,2026-05-01,Alatau,4,93.9,1.0,5.0,1972.0,brick,3.0,46300000,493077.7422790202,93.9
ALM-10653,2026-05-03,Almaly,3,76.3,12.0,12.0,2019.0,monolith,0.0,78740000,1031979.0301441678,76.3
ALM-10017,2026-05-03,Almaly,2,55.0,7.0,12.0,1985.0,panel,2.55,45810000,832909.0909090909,55.0
ALM-10790,2026-05-03,,2,56.5,3.0,12.0,1986.0,panel,0.0,55280000,978407.0796460178,56.5
ALM-10932,2026-05-04,Zhetysu,1,38.9,3.0,9.0,1971.0,panel,2.5,22080000,567609.2544987147,38.9
ALM-10386,2026-05-04,Turksib,2,53.3,1.0,5.0,1970.0,panel,2.65,24920000,467542.2138836773,53.3
ALM-10546,2026-05-04,Medeu,2,62.4,3.0,9.0,1991.0,panel,,58850000,943108.9743589744,62.4
ALM-11021,2026-05-04,Almaly,3,78.6,2.0,5.0,1984.0,panel,2.54,63570000,808778.6259541985,78.6
ALM-10568,2026-05-04,Nauryzbay,2,62.8,2.0,3.0,1984.0,brick,2.76,31770000,505891.71974522294,62.8
ALM-11170,2026-05-04,Turksib,1,41.3,8.0,12.0,2015.0,monolith,2.76,23650000,572639.2251815981,41.3
ALM-10590,2026-05-05,Nauryzbay,2,50.4,6.0,12.0,1980.0,panel,,21260000,421825.39682539686,50.4
ALM-10342,2026-05-05,Alatau,3,68.0,3.0,12.0,1984.0,panel,,29440000,432941.17647058825,68.0
ALM-11114,2026-05-05,Auezov,3,68.5,2.0,4.0,1974.0,brick,2.75,49610000,724233.5766423357,68.5
ALM-10099,2026-05-05,Turksib,1,29.9,6.0,9.0,1987.0,panel,2.65,16260000,543812.7090301004,29.9
ALM-10623,2026-05-06,Almaly,2,57.3,1.0,3.0,1992.0,brick,2.75,50190000,875916.2303664922,57.3
ALM-10045,2026-05-06,Turksib,2,55.7,13.0,20.0,2014.0,monolith,2.79,27260000,489407.54039497307,55.7
ALM-11068,2026-05-06,Alatau,2,47.3,1.0,5.0,1962.0,panel,,22110000,467441.86046511633,47.3
ALM-10736,2026-05-06,Turksib,2,56.3,4.0,12.0,1971.0,panel,2.59,28060000,498401.42095914745,56.3
ALM-10387,2026-05-06,Alatau,2,75.0,1.0,3.0,1985.0,brick,,32730000,436400.0,75.0
ALM-10129,2026-05-06,Turksib,2,56.5,25.0,25.0,2021.0,monolith,2.91,32080000,567787.6106194691,56.5
ALM-10020,2026-05-06,Bostandyk,1,39.3,2.0,20.0,2007.0,monolith,2.94,39420000,1003053.4351145038,39.3
ALM-10550,2026-05-06,Nauryzbay,2,38.5,3.0,5.0,1986.0,panel,,19500000,506493.5064935065,38.5
ALM-10455,2026-05-07,Almaly,1,34.5,5.0,9.0,2014.0,monolith,2.98,32110000,930724.6376811594,34.5
ALM-11140,2026-05-07,Auezov,1,34.4,1.0,3.0,1994.0,brick,2.77,21390000,621802.3255813954,34.4
ALM-10617,2026-05-07,,1,42.2,4.0,4.0,1963.0,brick,2.83,20680000,490047.3933649289,42.2
ALM-10810,2026-05-07,Medeu,1,41.1,3.0,5.0,1974.0,panel,2.64,44060000,1072019.4647201947,41.1
ALM-10420,2026-05-07,Turksib,2,55.1,,,1987.0,panel,2.63,27700000,502722.3230490018,55.1
ALM-10732,2026-05-07,Zhetysu,2,58.3,2.0,3.0,2005.0,brick,0.0,36950000,633790.7375643225,58.3
ALM-11036,2026-05-08,,1,36.7,19.0,20.0,2009.0,monolith,2.96,37980000,1034877.3841961852,36.7
ALM-10137,2026-05-08,Almaly,2,44.8,12.0,12.0,2006.0,monolith,2.72,37590000,839062.5,44.8
ALM-10745,2026-05-09,Nauryzbay,2,38.6,3.0,5.0,1984.0,panel,2.53,15660000,405699.48186528496,38.6
ALM-10956,2026-05-09,Zhetysu,3,78.8,3.0,4.0,1958.0,brick,2.8,45650000,579314.7208121828,78.8
ALM-10021,2026-05-09,Alatau,3,71.3,9.0,12.0,1988.0,panel,2.69,30090000,422019.6353436185,71.3
ALM-10661,2026-05-09,Alatau,4,115.8,5.0,12.0,1989.0,panel,2.53,50900000,439550.94991364423,115.8
ALM-11129,2026-05-10,Medeu,1,44.5,4.0,12.0,1983.0,panel,2.61,40660000,913707.8651685393,44.5
ALM-10583,2026-05-10,Nauryzbay,4,110.0,12.0,12.0,1968.0,panel,2.68,44880000,408000.0,110.0
ALM-10421,2026-05-10,Auezov,3,77.7,3.0,16.0,2005.0,monolith,2.9,56500000,727155.7271557271,77.7
ALM-10484,2026-05-10,Turksib,1,36.7,7.0,20.0,2024.0,monolith,2.89,22040000,600544.9591280654,36.7
ALM-10616,2026-05-10,Zhetysu,1,41.8,2.0,9.0,1968.0,panel,2.59,23840000,570334.9282296652,41.8
ALM-10960,2026-05-11,Turksib,1,34.9,5.0,16.0,2021.0,monolith,2.86,20140000,577077.3638968482,34.9
ALM-10608,2026-05-11,Medeu,2,60.2,6.0,20.0,2009.0,monolith,2.81,67870000,1127408.6378737541,60.2
ALM-10955,2026-05-12,Medeu,4,92.8,2.0,12.0,1971.0,panel,,105250000,1134159.4827586208,92.8
ALM-10289,2026-05-12,Alatau,2,50.1,1.0,4.0,1994.0,brick,2.93,22060000,440319.3612774451,50.1
ALM-11076,2026-05-12,Bostandyk,2,51.3,11.0,12.0,1965.0,panel,2.59,44510000,867641.3255360625,51.3
ALM-11071,2026-05-13,Nauryzbay,3,64.4,3.0,5.0,1950.0,brick,2.81,29210000,453571.4285714285,64.4
ALM-10424,2026-05-13,Medeu,2,53.5,4.0,5.0,,panel,2.53,54940000,1026915.8878504672,53.5
ALM-10492,2026-05-13,Almaly,1,33.6,2.0,9.0,1981.0,panel,2.5,24800000,738095.2380952381,33.6
ALM-11020,2026-05-13,Nauryzbay,3,80.4,1.0,3.0,1959.0,brick,,39230000,487935.32338308456,80.4
ALM-10626,2026-05-13,Zhetysu,4,110.3,2.0,5.0,1981.0,brick,2.78,64860000,588032.6382592928,110.3
ALM-11011,2026-05-14,Auezov,2,44.6,2.0,5.0,1988.0,panel,,27770000,622645.7399103139,44.6
ALM-10535,2026-05-14,Auezov,3,88.6,2.0,3.0,1967.0,brick,2.72,64580000,728893.9051918737,88.6
ALM-10325,2026-05-14,Zhetysu,2,54.6,5.0,5.0,1965.0,panel,2.56,29330000,537179.4871794871,54.6
ALM-10487,2026-05-15,Zhetysu,2,61.8,8.0,9.0,1980.0,panel,2.65,37030000,599190.9385113269,61.8
ALM-10363,2026-05-15,Bostandyk,2,61.6,9.0,9.0,,panel,,49780000,808116.8831168831,61.6
ALM-10447,2026-05-15,Bostandyk,1,39.6,3.0,5.0,1976.0,panel,2.51,32360000,817171.7171717171,39.6
ALM-11078,2026-05-15,,2,59.0,3.0,5.0,1967.0,panel,,25050000,424576.27118644066,59.0
ALM-10995,2026-05-15,Turksib,1,45.7,2.0,20.0,2010.0,monolith,2.93,26700000,584245.0765864332,45.7
ALM-10098,2026-05-15,Almaly,2,44.7,6.0,25.0,2009.0,monolith,2.94,49470000,1106711.4093959732,44.7
ALM-10656,2026-05-15,Turksib,3,58.5,1.0,9.0,1982.0,panel,2.53,24360000,416410.25641025644,58.5
ALM-10522,2026-05-16,Medeu,2,56.4,1.0,9.0,1975.0,brick,2.98,55620000,986170.2127659575,56.4
ALM-10319,2026-05-16,Nauryzbay,2,70.0,9.0,25.0,2015.0,monolith,2.82,34490000,492714.28571428574,70.0
ALM-10836,2026-05-16,Nauryzbay,1,35.0,5.0,9.0,1969.0,panel,2.62,14350000,410000.0,35.0
ALM-10734,2026-05-16,Almaly,3,83.0,8.0,9.0,1986.0,panel,2.59,80870000,974337.3493975904,83.0
ALM-10049,2026-05-16,Turksib,1,35.0,10.0,12.0,1963.0,panel,2.67,14770000,422000.0,35.0
ALM-10757,2026-05-16,Almaly,1,42.0,9.0,16.0,2010.0,monolith,2.88,45540000,1084285.7142857143,42.0
ALM-10570,2026-05-16,Nauryzbay,1,41.7,6.0,9.0,1976.0,panel,2.69,17920000,429736.21103117504,41.7
ALM-10636,2026-05-17,Nauryzbay,1,37.7,,,1966.0,panel,,17670000,468700.26525198936,37.7
ALM-10472,2026-05-17,Almaly,2,58.6,4.0,5.0,1972.0,panel,,47990000,818941.9795221842,58.6
ALM-11042,2026-05-17,Almaly,2,59.2,8.0,12.0,1977.0,panel,2.68,45250000,764358.108108108,59.2
ALM-11074,2026-05-17,Nauryzbay,1,38.5,13.0,16.0,2007.0,monolith,2.92,21600000,561038.9610389611,38.5
ALM-10288,2026-05-18,Alatau,1,40.8,,20.0,2017.0,monolith,0.0,19890000,487500.00000000006,40.8
ALM-11120,2026-05-18,Auezov,1,33.7,3.0,3.0,1978.0,brick,2.85,21710000,644213.649851632,33.7
ALM-10138,2026-05-18,Bostandyk,4,105.7,3.0,5.0,2005.0,brick,,114310000,1081456.9536423841,105.7
ALM-10855,2026-05-18,Zhetysu,3,80.6,11.0,12.0,1986.0,panel,2.6,44130000,547518.6104218363,80.6
ALM-10983,2026-05-18,Alatau,2,74.5,9.0,9.0,1992.0,panel,,32990000,442818.79194630875,74.5
ALM-10097,2026-05-18,Auezov,2,60.9,4.0,9.0,1988.0,panel,2.66,39190000,643513.9573070607,60.9
ALM-10082,2026-05-19,Bostandyk,1,41.2,6.0,9.0,2007.0,monolith,2.71,45890000,1113834.9514563107,41.2
ALM-10887,2026-05-19,Bostandyk,1,41.5,13.0,16.0,2019.0,monolith,2.94,38310000,923132.530120482,41.5
ALM-10101,2026-05-19,Medeu,2,58.6,1.0,4.0,1976.0,brick,,59670000,1018259.385665529,58.6
ALM-10551,2026-05-20,Medeu,4,114.9,5.0,5.0,1994.0,brick,2.92,105060000,914360.3133159268,114.9
ALM-11091,2026-05-20,Almaly,2,54.7,2.0,3.0,1998.0,brick,3.02,55150000,1008226.6910420475,54.7
ALM-10043,2026-05-20,Alatau,2,68.8,6.0,12.0,1965.0,panel,2.53,29350000,426598.83720930235,68.8
ALM-10458,2026-05-20,Auezov,2,60.8,2.0,9.0,1974.0,brick,2.91,45330000,745559.2105263158,60.8
ALM-10873,2026-05-20,Turksib,4,95.8,5.0,5.0,1991.0,panel,2.62,43540000,454488.5177453027,95.8
ALM-10959,2026-05-20,Turksib,1,43.9,,16.0,2021.0,monolith,2.95,28870000,657630.9794988611,43.9
ALM-10658,2026-05-20,Bostandyk,4,125.7,1.0,9.0,1966.0,panel,,104940000,834844.8687350835,125.7
ALM-11046,2026-05-20,Almaly,1,44.1,11.0,12.0,1970.0,panel,,35250000,799319.7278911564,44.1
ALM-10519,2026-05-21,Turksib,2,46.1,2.0,5.0,1991.0,brick,3.02,23760000,515401.30151843815,46.1
ALM-10170,2026-05-21,Nauryzbay,1,35.6,9.0,25.0,,monolith,2.85,22140000,621910.1123595505,35.6
ALM-10057,2026-05-21,Turksib,1,27.3,10.0,12.0,1977.0,panel,2.52,12870000,471428.5714285714,27.3
ALM-10042,2026-05-22,Turksib,3,72.6,9.0,9.0,1978.0,panel,2.54,28740000,395867.76859504136,72.6
ALM-10973,2026-05-22,Alatau,3,55.6,11.0,12.0,1987.0,panel,,22350000,401978.417266187,55.6
ALM-10110,2026-05-22,Nauryzbay,2,56.5,24.0,25.0,2014.0,monolith,2.84,28670000,507433.62831858406,56.5
ALM-10128,2026-05-22,Zhetysu,4,118.2,1.0,5.0,1964.0,panel,2.59,71050000,601099.8307952622,118.2
ALM-10698,2026-05-22,Bostandyk,1,41.8,2.0,4.0,1994.0,brick,,42870000,1025598.086124402,41.8
ALM-10112,2026-05-22,Almaly,4,94.3,6.0,12.0,,panel,2.58,89000000,943796.394485684,94.3
ALM-10309,2026-05-22,Medeu,3,68.1,10.0,16.0,2024.0,monolith,2.96,79570000,1168428.7812041116,68.1
ALM-10627,2026-05-23,Medeu,3,70.6,1.0,9.0,1990.0,panel,,73830000,1045750.7082152975,70.6
ALM-10675,2026-05-23,Almaly,3,69.8,2.0,5.0,1974.0,panel,,53500000,766475.6446991405,69.8
ALM-10574,2026-05-23,Alatau,3,77.8,5.0,9.0,1979.0,panel,2.59,31960000,410796.91516709514,77.8
ALM-11137,2026-05-24,Bostandyk,1,34.7,2.0,5.0,1971.0,brick,2.93,34860000,1004610.9510086455,34.7
ALM-10563,2026-05-24,Bostandyk,3,81.4,8.0,12.0,2010.0,monolith,2.99,89840000,1103685.5036855035,81.4
ALM-10351,2026-05-24,Zhetysu,2,53.8,,20.0,2014.0,monolith,2.83,33960000,631226.7657992565,53.8
ALM-10619,2026-05-24,Auezov,2,50.5,9.0,12.0,1968.0,panel,2.63,28310000,560594.0594059406,50.5
ALM-11111,2026-05-25,Bostandyk,2,53.5,2.0,9.0,1987.0,panel,,48180000,900560.7476635514,53.5
ALM-10340,2026-05-25,Alatau,2,60.1,3.0,5.0,1971.0,panel,2.65,24950000,415141.43094841926,60.1
ALM-10284,2026-05-26,Almaly,1,31.5,1.0,5.0,1971.0,brick,0.0,25460000,808253.9682539683,31.5
ALM-10968,2026-05-26,Zhetysu,1,38.9,7.0,12.0,1970.0,panel,2.7,23880000,613881.7480719795,38.9
ALM-10822,2026-05-27,Almaly,3,91.7,5.0,20.0,2017.0,monolith,2.84,104060000,1134787.3500545255,91.7
ALM-10264,2026-05-27,Bostandyk,1,495.0,3.0,5.0,1972.0,panel,2.57,42680000,86222.22222222222,495.0
ALM-10889,2026-05-27,Bostandyk,2,45.0,3.0,9.0,2013.0,monolith,2.94,46030000,1022888.8888888889,45.0
ALM-10555,2026-05-27,Medeu,3,77.4,1.0,5.0,1962.0,panel,2.5,74680000,964857.8811369508,77.4
ALM-11101,2026-05-27,Medeu,3,84.0,4.0,5.0,1986.0,panel,2.56,75680000,900952.380952381,84.0
ALM-10254,2026-05-27,Zhetysu,2,55.7,19.0,25.0,2015.0,monolith,2.84,40460000,726391.382405745,55.7
ALM-10460,2026-05-28,Alatau,2,59.5,7.0,25.0,2005.0,monolith,2.76,31160000,523697.4789915966,59.5
ALM-10287,2026-05-28,Auezov,2,56.6,1.0,12.0,1969.0,panel,2.52,31920000,563957.5971731448,56.6
ALM-11119,2026-05-28,Medeu,3,79.6,3.0,9.0,1985.0,brick,2.88,85320000,1071859.2964824121,79.6
ALM-10831,2026-05-28,Zhetysu,2,62.9,1.0,9.0,1987.0,panel,2.66,32710000,520031.79650238476,62.9
ALM-10220,2026-05-28,Auezov,4,103.6,8.0,12.0,1979.0,panel,2.54,67380000,650386.1003861005,103.6
ALM-10799,2026-05-28,Auezov,1,35.3,1.0,4.0,1969.0,brick,3.05,22640000,641359.7733711048,35.3
ALM-10991,2026-05-29,Medeu,3,71.2,5.0,5.0,1987.0,brick,2.8,71100000,998595.5056179775,71.2
ALM-10819,2026-05-29,Auezov,2,57.2,4.0,12.0,1968.0,panel,2.52,40420000,706643.3566433566,57.2
ALM-10003,2026-05-29,Auezov,2,48.6,2.0,5.0,1978.0,panel,2.55,26120000,537448.5596707818,48.6
ALM-11156,2026-05-29,Alatau,2,49.2,3.0,5.0,2001.0,brick,2.89,21020000,427235.77235772356,49.2
ALM-10521,2026-05-29,Bostandyk,1,25.3,1.0,3.0,1981.0,brick,2.88,25790000,1019367.5889328063,25.3
ALM-10754,2026-05-29,Medeu,3,87.7,13.0,16.0,2010.0,monolith,2.84,97750000,1114595.210946408,87.7
ALM-10136,2026-05-30,Zhetysu,2,56.8,2.0,3.0,1986.0,brick,,36710000,646302.8169014085,56.8
ALM-11141,2026-05-30,Turksib,3,78.3,3.0,3.0,1960.0,brick,3.09,37900000,484035.75989782886,78.3
ALM-10391,2026-05-30,,2,50.4,2.0,3.0,,brick,,31590000,626785.7142857143,50.4
ALM-10652,2026-05-30,,2,51.9,3.0,3.0,1962.0,brick,3.1,22320000,430057.8034682081,51.9
ALM-10997,2026-05-30,Medeu,2,59.3,2.0,9.0,2009.0,monolith,2.84,69640000,1174367.6222596965,59.3
ALM-11067,2026-05-30,Medeu,3,78.6,1.0,3.0,,brick,2.77,90500000,1151399.4910941476,78.6
ALM-10291,2026-05-30,Auezov,3,77.5,,20.0,2012.0,monolith,2.88,51890000,669548.3870967742,77.5
ALM-10999,2026-05-30,Bostandyk,1,37.3,1.0,5.0,1965.0,brick,3.06,38540000,1033243.9678284184,37.3
ALM-10486,2026-05-31,Alatau,2,53.7,10.0,12.0,1991.0,panel,,26800000,499068.9013035381,53.7
ALM-11160,2026-05-31,Alatau,1,38.4,9.0,9.0,2005.0,monolith,2.77,20990000,546614.5833333334,38.4
ALM-10295,2026-05-31,Turksib,2,64.9,1.0,12.0,1974.0,panel,2.55,24420000,376271.1864406779,64.9
ALM-10988,2026-06-01,Zhetysu,3,70.0,6.0,9.0,1966.0,panel,2.59,40480000,578285.7142857143,70.0
ALM-10145,2026-06-01,Auezov,4,107.4,23.0,25.0,2014.0,monolith,2.94,81790000,761545.6238361266,107.4
ALM-10401,2026-06-01,Medeu,4,103.3,7.0,9.0,1973.0,panel,2.59,114210000,1105614.7144240078,103.3
ALM-10614,2026-06-01,Almaly,4,92.3,1.0,3.0,1969.0,brick,2.77,83720000,907042.2535211268,92.3
ALM-10547,2026-06-02,Almaly,3,66.1,5.0,5.0,1990.0,panel,2.53,48620000,735552.193645991,66.1
ALM-11016,2026-06-02,Turksib,2,55.8,2.0,3.0,1968.0,brick,,33550000,601254.4802867384,55.8
ALM-10945,2026-06-02,Bostandyk,2,57.2,8.0,9.0,1980.0,panel,2.53,51830000,906118.881118881,57.2
ALM-10673,2026-06-02,Almaly,1,44.6,4.0,5.0,1988.0,brick,2.85,35750000,801569.5067264574,44.6
ALM-10481,2026-06-03,Alatau,1,33.8,11.0,12.0,1989.0,panel,2.57,15690000,464201.1834319527,33.8
ALM-11026,2026-06-03,Medeu,1,39.7,9.0,20.0,2012.0,monolith,2.73,46860000,1180352.6448362719,39.7
ALM-10197,2026-06-03,Zhetysu,3,76.0,14.0,25.0,2013.0,monolith,3.0,57810000,760657.8947368421,76.0
ALM-10230,2026-06-04,Almaly,3,92.6,6.0,9.0,1989.0,panel,2.66,72280000,780561.555075594,92.6
ALM-10063,2026-06-04,Medeu,2,52.7,3.0,9.0,1978.0,panel,2.59,54120000,1026944.9715370019,52.7
ALM-11062,2026-06-04,Turksib,3,83.0,2.0,12.0,1978.0,panel,2.55,36710000,442289.156626506,83.0
ALM-10837,2026-06-04,Bostandyk,3,88.9,8.0,16.0,2014.0,monolith,2.77,91960000,1034420.6974128233,88.9
ALM-10683,2026-06-04,Bostandyk,2,52.7,8.0,9.0,1979.0,brick,2.79,56000000,1062618.595825427,52.7
ALM-10640,2026-06-04,Zhetysu,3,79.7,7.0,9.0,2007.0,monolith,2.89,62990000,790338.7703889585,79.7
ALM-10628,2026-06-04,Medeu,3,82.3,,,1964.0,brick,3.13,87600000,1064398.5419198056,82.3
ALM-10158,2026-06-05,Zhetysu,1,40.1,5.0,5.0,1966.0,brick,2.91,28060000,699750.6234413965,40.1
ALM-10257,2026-06-05,,3,42.0,3.0,9.0,1975.0,panel,,25270000,601666.6666666666,42.0
ALM-10706,2026-06-05,Nauryzbay,2,56.3,12.0,25.0,,monolith,2.98,29060000,516163.41030195385,56.3
ALM-10554,2026-06-05,Alatau,4,89.6,4.0,9.0,1976.0,panel,2.62,44700000,498883.9285714286,89.6
ALM-10323,2026-06-05,Medeu,1,34.5,14.0,20.0,2007.0,monolith,2.89,39940000,1157681.1594202898,34.5
ALM-10927,2026-06-06,Turksib,3,69.5,20.0,20.0,2016.0,monolith,2.87,37700000,542446.0431654677,69.5
ALM-10676,2026-06-06,Turksib,2,51.5,,5.0,1968.0,panel,2.66,25020000,485825.2427184466,51.5
ALM-10385,2026-06-06,Medeu,2,57.8,10.0,16.0,2021.0,monolith,2.82,60870000,1053114.1868512111,57.8
ALM-11158,2026-06-06,Medeu,2,55.3,4.0,5.0,1967.0,panel,2.51,52910000,956781.1934900543,55.3
ALM-10184,2026-06-06,Zhetysu,2,65.5,1.0,4.0,1970.0,brick,2.77,35010000,534503.8167938931,65.5
ALM-11000,2026-06-06,Medeu,2,45.7,1.0,5.0,1999.0,brick,2.72,43750000,957330.4157549234,45.7
ALM-10812,2026-06-06,Nauryzbay,2,56.9,5.0,5.0,1968.0,brick,3.04,25720000,452021.08963093144,56.9
ALM-10109,2026-06-07,Alatau,2,46.4,11.0,12.0,2023.0,monolith,2.97,25380000,546982.7586206896,46.4
ALM-10942,2026-06-08,Zhetysu,4,94.6,2.0,5.0,1959.0,brick,,57040000,602959.8308668076,94.6
ALM-10168,2026-06-08,Alatau,1,42.8,3.0,12.0,2022.0,monolith,2.89,27400000,640186.9158878505,42.8
ALM-10679,2026-06-08,,3,56.2,9.0,9.0,1984.0,panel,2.53,30040000,534519.5729537366,56.2
ALM-10306,2026-06-08,Nauryzbay,3,68.0,5.0,5.0,,panel,2.7,27660000,406764.70588235295,68.0
ALM-10806,2026-06-08,Medeu,3,86.1,8.0,20.0,2017.0,monolith,2.89,113570000,1319047.6190476192,86.1
ALM-10412,2026-06-08,,2,60.5,2.0,4.0,1992.0,brick,3.01,65900000,1089256.1983471075,60.5
ALM-10263,2026-06-08,,2,60.5,9.0,9.0,2021.0,monolith,2.73,36110000,596859.5041322313,60.5
ALM-11015,2026-06-09,Turksib,3,74.4,5.0,5.0,1973.0,panel,2.52,36650000,492607.5268817204,74.4
ALM-10147,2026-06-09,Bostandyk,2,59.8,4.0,5.0,1968.0,panel,2.5,52360000,875585.2842809365,59.8
ALM-10004,2026-06-09,Bostandyk,1,26.7,9.0,20.0,2024.0,monolith,2.84,30970000,1159925.0936329588,26.7
ALM-10782,2026-06-09,Medeu,2,46.2,1.0,9.0,2024.0,monolith,2.88,52630000,1139177.4891774892,46.2
ALM-11167,2026-06-10,Nauryzbay,1,42.5,3.0,5.0,1982.0,panel,2.61,19970000,469882.35294117645,42.5
ALM-10476,2026-06-10,Medeu,4,85.2,6.0,9.0,1972.0,panel,0.0,73770000,865845.0704225352,85.2
ALM-10914,2026-06-10,Bostandyk,3,80.8,2.0,9.0,1982.0,panel,,67990000,841460.396039604,80.8
ALM-10783,2026-06-10,Medeu,4,120.4,12.0,12.0,2017.0,monolith,2.85,149210000,1239285.7142857143,120.4
ALM-10677,2026-06-10,Almaly,4,90.8,4.0,5.0,1984.0,panel,2.63,78510000,864647.577092511,90.8
ALM-10010,2026-06-11,Auezov,2,58.2,20.0,20.0,2007.0,monolith,2.82,46290000,795360.824742268,58.2
ALM-10788,2026-06-11,Alatau,1,47.6,12.0,12.0,1971.0,panel,,17170000,360714.2857142857,47.6
ALM-10482,2026-06-11,Nauryzbay,2,62.3,2.0,9.0,1988.0,panel,2.69,27160000,435955.0561797753,62.3
ALM-10893,2026-06-12,Bostandyk,4,112.4,1.0,4.0,,brick,3.02,111780000,994483.9857651246,112.4
ALM-11139,2026-06-12,Medeu,2,58.9,4.0,4.0,1982.0,brick,,66820000,1134465.19524618,58.9
ALM-11098,2026-06-12,Medeu,5,146.5,4.0,5.0,1968.0,panel,2.52,149220000,1018566.5529010239,146.5
ALM-10864,2026-06-13,Auezov,2,50.9,5.0,9.0,1964.0,panel,2.68,28530000,560510.8055009823,50.9
ALM-10104,2026-06-13,Auezov,2,63.9,2.0,9.0,1987.0,panel,2.52,34650000,542253.5211267605,63.9
ALM-11154,2026-06-13,Medeu,5,137.8,4.0,25.0,2017.0,monolith,2.93,183190000,1329390.4208998547,137.8
ALM-10515,2026-06-13,Turksib,4,93.0,2.0,9.0,1984.0,brick,2.81,57010000,613010.752688172,93.0
ALM-10965,2026-06-13,Alatau,3,84.5,8.0,9.0,1964.0,panel,2.65,37940000,448994.08284023666,84.5
ALM-10833,2026-06-13,Zhetysu,1,46.1,4.0,5.0,1987.0,panel,2.63,25880000,561388.2863340564,46.1
ALM-10680,2026-06-13,Almaly,2,46.7,5.0,5.0,1974.0,panel,,35990000,770663.8115631691,46.7
ALM-10127,2026-06-14,Zhetysu,3,86.7,3.0,12.0,1980.0,panel,2.61,41900000,483275.663206459,86.7
ALM-10746,2026-06-14,Medeu,2,50.3,11.0,12.0,1973.0,panel,2.51,53780000,1069184.8906560636,50.3
ALM-10635,2026-06-14,Auezov,2,57.6,6.0,9.0,1974.0,panel,2.69,31200000,541666.6666666666,57.6
ALM-10236,2026-06-14,,1,45.1,2.0,12.0,2018.0,monolith,2.81,55670000,1234368.0709534367,45.1
ALM-11056,2026-06-14,Turksib,2,49.0,11.0,12.0,1967.0,panel,,20890000,426326.5306122449,49.0
ALM-10738,2026-06-14,,2,50.1,1.0,5.0,1958.0,brick,2.71,44710000,892415.1696606786,50.1
ALM-10234,2026-06-15,Zhetysu,3,81.6,6.0,20.0,2016.0,monolith,2.77,58000000,710784.3137254902,81.6
ALM-10641,2026-06-15,Medeu,1,45.0,9.0,12.0,1986.0,panel,2.55,39400000,875555.5555555555,45.0
ALM-11063,2026-06-15,Zhetysu,1,31.2,12.0,16.0,2018.0,monolith,2.73,20110000,644551.2820512821,31.2
ALM-10657,2026-06-15,Auezov,4,111.7,14.0,25.0,2012.0,monolith,2.89,86610000,775380.4834377797,111.7
ALM-10321,2026-06-16,Zhetysu,4,106.9,,,1968.0,panel,2.64,70980000,663985.0327408793,106.9
ALM-11176,2026-06-16,Auezov,2,56.3,5.0,5.0,,panel,2.51,30730000,545825.9325044405,56.3
ALM-10390,2026-06-17,,2,53.5,2.0,20.0,2021.0,monolith,2.71,41950000,784112.1495327103,53.5
ALM-10248,2026-06-17,Auezov,3,81.9,16.0,25.0,2018.0,monolith,2.75,59440000,725763.1257631257,81.9
ALM-10542,2026-06-17,Medeu,2,63.4,7.0,9.0,1992.0,panel,2.5,55260000,871608.832807571,63.4
ALM-10446,2026-06-17,Bostandyk,3,74.1,5.0,12.0,1975.0,panel,2.64,57870000,780971.6599190284,74.1
ALM-11072,2026-06-18,Almaly,1,31.7,12.0,12.0,1974.0,panel,,23330000,735962.14511041,31.7
ALM-11107,2026-06-18,Almaly,1,40.0,13.0,25.0,2009.0,monolith,2.83,43920000,1098000.0,40.0
ALM-10334,2026-06-18,Alatau,2,51.5,14.0,20.0,2005.0,monolith,2.84,25630000,497669.9029126214,51.5
ALM-10909,2026-06-18,Alatau,2,565.0,7.0,16.0,2023.0,monolith,2.93,32610000,57716.81415929204,565.0
ALM-10002,2026-06-18,Bostandyk,1,33.6,8.0,9.0,2020.0,monolith,2.71,36360000,1082142.857142857,33.6
ALM-10580,2026-06-18,Auezov,1,46.6,1.0,12.0,1976.0,panel,2.7,26100000,560085.8369098712,46.6
ALM-10242,2026-06-18,Auezov,2,50.9,13.0,16.0,2015.0,monolith,2.82,34280000,673477.4066797643,50.9
ALM-10610,2026-06-18,Bostandyk,2,58.2,8.0,20.0,2006.0,monolith,2.91,55940000,961168.384879725,58.2
ALM-10823,2026-06-18,,2,35.6,6.0,9.0,,brick,2.92,20360000,571910.1123595505,35.6
ALM-10832,2026-06-18,Zhetysu,2,56.6,4.0,5.0,1986.0,brick,2.93,35980000,635689.0459363958,56.6
ALM-10882,2026-06-19,Auezov,3,75.9,5.0,9.0,,panel,2.53,47390000,624374.1765480896,75.9
ALM-10305,2026-06-19,Turksib,2,52.8,2.0,16.0,2020.0,monolith,2.77,29130000,551704.5454545455,52.8
ALM-10894,2026-06-19,Alatau,3,59.7,4.0,4.0,1998.0,brick,3.18,29280000,490452.26130653266,59.7
ALM-10990,2026-06-19,Turksib,1,31.6,1.0,9.0,1990.0,brick,2.71,15780000,499367.0886075949,31.6
ALM-10397,2026-06-19,Medeu,2,52.2,19.0,20.0,2019.0,monolith,2.89,58200000,1114942.528735632,52.2
ALM-10278,2026-06-21,Almaly,5,125.7,3.0,9.0,1977.0,panel,2.56,86760000,690214.7971360382,125.7
ALM-10624,2026-06-21,Alatau,1,39.6,8.0,9.0,1993.0,brick,3.0,18160000,458585.85858585854,39.6
ALM-10730,2026-06-21,Medeu,2,59.2,4.0,9.0,2000.0,brick,2.74,58020000,980067.5675675676,59.2
ALM-11037,2026-06-22,Almaly,2,40.8,5.0,12.0,1978.0,panel,,31370000,768872.549019608,40.8
ALM-10282,2026-06-22,Almaly,2,55.0,1.0,5.0,,panel,2.54,38870000,706727.2727272727,55.0
ALM-10978,2026-06-22,,2,59.0,3.0,12.0,,panel,2.61,27340000,463389.83050847455,59.0
ALM-10299,2026-06-22,Nauryzbay,2,52.1,19.0,20.0,2022.0,monolith,2.86,27700000,531669.8656429942,52.1
ALM-10967,2026-06-22,Nauryzbay,4,76.8,1.0,20.0,2009.0,monolith,2.78,32090000,417838.5416666667,76.8
ALM-10755,2026-06-23,Auezov,1,42.2,7.0,9.0,1956.0,brick,3.08,27030000,640521.327014218,42.2
ALM-10239,2026-06-23,Turksib,3,92.4,5.0,5.0,1979.0,panel,2.66,40300000,436147.18614718615,92.4
ALM-10718,2026-06-24,Turksib,1,41.2,3.0,5.0,1985.0,panel,2.59,19530000,474029.1262135922,41.2
ALM-10303,2026-06-24,Bostandyk,2,44.0,1.0,9.0,2018.0,monolith,2.99,49760000,1130909.0909090908,44.0
ALM-10403,2026-06-24,Bostandyk,5,157.6,9.0,16.0,2013.0,monolith,2.71,193000000,1224619.2893401016,157.6
ALM-10183,2026-06-24,Nauryzbay,3,80.8,4.0,5.0,1970.0,brick,2.77,40500000,501237.62376237626,80.8
ALM-11065,2026-06-24,Bostandyk,3,86.5,12.0,12.0,1992.0,panel,2.58,71510000,826705.2023121387,86.5
ALM-10916,2026-06-25,Zhetysu,3,91.1,4.0,5.0,1979.0,brick,2.93,65090000,714489.5718990121,91.1
ALM-11147,2026-06-25,Almaly,2,56.7,4.0,9.0,2018.0,monolith,2.86,57130000,1007583.7742504409,56.7
ALM-10776,2026-06-25,Almaly,4,118.0,3.0,12.0,1992.0,panel,2.51,102590000,869406.779661017,118.0
ALM-10748,2026-06-25,Nauryzbay,5,150.8,2.0,9.0,1964.0,panel,2.51,58020000,384748.01061007957,150.8
ALM-11017,2026-06-25,Turksib,1,30.3,1.0,12.0,1981.0,panel,,12810000,422772.27722772275,30.3
ALM-11049,2026-06-26,Medeu,1,41.6,11.0,12.0,1966.0,panel,2.69,42120000,1012500.0,41.6
ALM-10758,2026-06-26,Turksib,1,36.3,4.0,9.0,1986.0,brick,2.79,19520000,537741.046831956,36.3
ALM-11006,2026-06-26,Bostandyk,5,155.4,20.0,25.0,2019.0,monolith,2.8,167190000,1075868.725868726,155.4
ALM-10026,2026-06-26,Alatau,2,47.6,9.0,9.0,1967.0,panel,2.7,22020000,462605.0420168067,47.6
ALM-10203,2026-06-26,Nauryzbay,1,35.2,4.0,9.0,1979.0,brick,3.04,16470000,467897.72727272724,35.2
ALM-10065,2026-06-26,Almaly,2,52.6,22.0,25.0,,monolith,2.84,55190000,1049239.5437262356,52.6
ALM-10060,2026-06-27,Turksib,3,74.1,4.0,9.0,2023.0,monolith,2.88,41140000,555195.681511471,74.1
ALM-10436,2026-06-27,Turksib,3,92.2,4.0,4.0,1970.0,brick,,52030000,564316.7028199566,92.2
ALM-10404,2026-06-27,Alatau,2,45.2,6.0,16.0,2023.0,monolith,2.88,24540000,542920.3539823008,45.2
ALM-10768,2026-06-27,Auezov,2,62.7,4.0,5.0,1979.0,brick,3.0,41820000,666985.6459330143,62.7
ALM-10228,2026-06-27,Medeu,2,65.9,7.0,9.0,1962.0,panel,2.61,62130000,942792.109256449,65.9
ALM-10604,2026-06-27,Auezov,4,120.1,2.0,5.0,1968.0,panel,2.62,76250000,634887.59367194,120.1
ALM-10840,2026-06-28,Zhetysu,1,36.4,1.0,3.0,1966.0,brick,2.93,24350000,668956.043956044,36.4
ALM-11196,2026-06-29,Almaly,2,60.9,1.0,5.0,1952.0,brick,2.73,51560000,846633.8259441708,60.9
ALM-10246,2026-06-29,Auezov,1,38.8,5.0,5.0,1994.0,brick,2.9,24860000,640721.6494845361,38.8
ALM-10191,2026-06-29,Almaly,1,39.5,3.0,20.0,2019.0,monolith,2.95,43250000,1094936.7088607594,39.5
ALM-11132,2026-06-29,Medeu,1,31.5,7.0,25.0,2017.0,monolith,2.94,37430000,1188253.9682539683,31.5
ALM-10596,2026-06-29,Zhetysu,3,78.6,4.0,4.0,1956.0,brick,2.98,40890000,520229.0076335878,78.6
ALM-10740,2026-06-30,Almaly,3,69.1,10.0,16.0,2006.0,monolith,2.87,71680000,1037337.1924746744,69.1
ALM-11080,2026-07-01,Nauryzbay,2,61.1,15.0,16.0,2019.0,monolith,2.71,34250000,560556.464811784,61.1
ALM-11181,2026-07-01,Auezov,1,35.4,9.0,25.0,2010.0,monolith,2.84,23580000,666101.6949152543,35.4
ALM-10591,2026-07-01,Almaly,2,49.9,4.0,9.0,1969.0,panel,2.56,39750000,796593.1863727455,49.9
ALM-10696,2026-07-01,Almaly,3,90.1,3.0,3.0,2003.0,brick,3.1,89590000,994339.6226415095,90.1
ALM-10301,2026-07-01,,2,48.6,20.0,20.0,2024.0,monolith,2.79,50310000,1035185.1851851852,48.6
ALM-10192,2026-07-01,Turksib,2,62.7,22.0,25.0,2014.0,monolith,2.75,40110000,639712.918660287,62.7
ALM-10453,2026-07-02,Turksib,1,39.9,7.0,12.0,2006.0,monolith,2.77,24680000,618546.3659147869,39.9
ALM-10697,2026-07-02,Auezov,1,43.4,1.0,4.0,1950.0,brick,2.85,29060000,669585.2534562212,43.4
ALM-10466,2026-07-02,Medeu,3,90.9,3.0,9.0,1982.0,panel,2.64,88400000,972497.2497249724,90.9
ALM-10514,2026-07-02,,2,69.2,7.0,9.0,1972.0,panel,2.63,43940000,634971.098265896,69.2
ALM-10600,2026-07-02,Auezov,3,80.1,3.0,5.0,,panel,2.51,48520000,605742.8214731585,80.1
ALM-11186,2026-07-02,Bostandyk,4,104.3,4.0,5.0,1968.0,panel,2.53,74820000,717353.787152445,104.3
ALM-10644,2026-07-03,Zhetysu,1,39.1,3.0,5.0,1996.0,brick,2.71,23860000,610230.1790281329,39.1
ALM-10842,2026-07-03,Auezov,4,109.4,4.0,25.0,2006.0,monolith,2.88,87440000,799268.7385740401,109.4
ALM-10633,2026-07-03,Bostandyk,1,31.7,1.0,9.0,1976.0,panel,2.52,25170000,794006.309148265,31.7
ALM-11028,2026-07-03,Alatau,4,148.1,1.0,4.0,2000.0,brick,3.15,72750000,491222.14719783934,148.1
ALM-11118,2026-07-04,Turksib,1,39.8,6.0,9.0,1966.0,panel,2.57,22590000,567587.9396984925,39.8
ALM-10273,2026-07-04,Medeu,2,65.7,2.0,9.0,2022.0,monolith,2.84,74820000,1138812.785388128,65.7
ALM-10266,2026-07-04,Auezov,1,44.9,,,1962.0,panel,2.58,30160000,671714.9220489978,44.9
ALM-10094,2026-07-05,Auezov,1,40.8,5.0,5.0,1976.0,brick,0.0,23060000,565196.0784313725,40.8
ALM-10485,2026-07-05,Auezov,3,87.5,9.0,9.0,1985.0,panel,2.52,49940000,570742.8571428572,87.5
ALM-10560,2026-07-05,Almaly,1,32.2,11.0,20.0,2019.0,monolith,2.89,29510000,916459.6273291925,32.2
ALM-10605,2026-07-05,Nauryzbay,2,54.3,5.0,20.0,2006.0,monolith,2.76,36960000,680662.9834254144,54.3
ALM-10980,2026-07-05,Almaly,3,91.7,10.0,12.0,2014.0,monolith,2.75,88740000,967720.828789531,91.7
ALM-10008,2026-07-05,Almaly,4,96.9,3.0,9.0,1989.0,panel,,75690000,781114.5510835913,96.9
ALM-11121,2026-07-05,Alatau,2,59.4,4.0,16.0,2016.0,monolith,2.93,32800000,552188.5521885522,59.4
ALM-10871,2026-07-05,Zhetysu,1,38.4,4.0,5.0,1994.0,brick,2.73,24460000,636979.1666666667,38.4
ALM-10283,2026-07-05,Zhetysu,3,80.7,1.0,12.0,1982.0,panel,2.66,42340000,524659.2317224287,80.7
ALM-11136,2026-07-06,Bostandyk,2,61.2,3.0,12.0,1979.0,panel,,55200000,901960.7843137254,61.2
ALM-10751,2026-07-06,Turksib,3,79.2,3.0,20.0,2020.0,monolith,2.89,47540000,600252.5252525252,79.2
ALM-10256,2026-07-06,Bostandyk,1,29.7,9.0,9.0,2009.0,monolith,,29370000,988888.8888888889,29.7
ALM-10671,2026-07-06,Almaly,2,47.3,2.0,9.0,2016.0,monolith,2.98,46120000,975052.8541226216,47.3
ALM-10786,2026-07-06,Medeu,3,76.7,2.0,4.0,1972.0,brick,2.76,86620000,1129335.071707953,76.7
ALM-10549,2026-07-06,Alatau,2,62.0,3.0,12.0,1964.0,panel,,28490000,459516.12903225806,62.0
ALM-10166,2026-07-07,Zhetysu,4,115.6,12.0,16.0,2010.0,monolith,2.94,78630000,680190.3114186851,115.6
ALM-10245,2026-07-07,Nauryzbay,1,36.7,7.0,12.0,1985.0,panel,2.56,15660000,426702.99727520434,36.7
ALM-11038,2026-07-07,Auezov,3,77.0,1.0,9.0,1965.0,panel,2.52,43580000,565974.025974026,77.0
ALM-10516,2026-07-07,Turksib,1,34.4,2.0,5.0,1989.0,panel,,15260000,443604.6511627907,34.4
ALM-10157,2026-07-07,Medeu,4,103.5,1.0,12.0,2008.0,monolith,2.7,108730000,1050531.4009661835,103.5
ALM-10172,2026-07-07,Bostandyk,2,55.8,2.0,5.0,1992.0,panel,2.65,49820000,892831.5412186381,55.8
ALM-10928,2026-07-07,Bostandyk,1,42.4,6.0,9.0,1984.0,panel,,40370000,952122.641509434,42.4
ALM-10233,2026-07-07,Alatau,2,59.3,3.0,9.0,2000.0,brick,2.89,25280000,426306.9139966273,59.3
ALM-10428,2026-07-08,Bostandyk,1,51.3,8.0,12.0,2016.0,monolith,2.77,52150000,1016569.2007797272,51.3
ALM-10647,2026-07-08,Auezov,1,40.9,4.0,5.0,1980.0,panel,2.67,23530000,575305.6234718827,40.9
ALM-11045,2026-07-08,Medeu,1,43.2,2.0,4.0,1998.0,brick,3.17,47950000,1109953.7037037036,43.2
ALM-10931,2026-07-08,Bostandyk,3,64.6,5.0,9.0,1958.0,brick,,59590000,922445.8204334367,64.6
ALM-10818,2026-07-08,,1,34.3,12.0,12.0,1970.0,panel,2.57,25480000,742857.142857143,34.3
ALM-11200,2026-07-08,Bostandyk,3,83.0,5.0,12.0,1990.0,panel,2.54,71940000,866746.9879518072,83.0
ALM-10792,2026-07-09,Zhetysu,1,30.1,18.0,25.0,2005.0,monolith,2.93,19690000,654152.8239202658,30.1
ALM-10477,2026-07-09,Bostandyk,2,53.5,11.0,12.0,1973.0,panel,,44040000,823177.5700934579,53.5
ALM-10265,2026-07-09,Almaly,2,59.3,9.0,9.0,1976.0,panel,2.64,48780000,822596.9645868465,59.3
ALM-10318,2026-07-09,Almaly,2,60.3,11.0,12.0,2017.0,monolith,2.96,57600000,955223.880597015,60.3
ALM-10111,2026-07-09,Turksib,4,116.1,3.0,4.0,1979.0,brick,,63730000,548923.3419465978,116.1
ALM-10895,2026-07-09,Turksib,1,42.4,2.0,5.0,1966.0,panel,2.52,20220000,476886.7924528302,42.4
ALM-10576,2026-07-09,Turksib,3,78.1,5.0,5.0,1987.0,panel,,37970000,486171.5749039693,78.1
ALM-10216,2026-07-10,Almaly,4,87.5,5.0,5.0,1986.0,panel,,70570000,806514.2857142857,87.5
ALM-10324,2026-07-10,Nauryzbay,1,28.8,9.0,25.0,2013.0,monolith,2.9,15540000,539583.3333333334,28.8
ALM-10178,2026-07-10,Zhetysu,2,69.2,4.0,5.0,1977.0,panel,2.61,38730000,559682.0809248554,69.2
ALM-10562,2026-07-10,Bostandyk,3,76.8,13.0,16.0,2020.0,monolith,2.98,101700000,1324218.75,76.8
ALM-10090,2026-07-10,Zhetysu,3,80.1,16.0,25.0,2012.0,monolith,2.89,67530000,843071.1610486892,80.1
ALM-10524,2026-07-10,Zhetysu,5,123.4,6.0,12.0,2008.0,monolith,2.79,86380000,700000.0,123.4
ALM-11165,2026-07-10,Auezov,3,68.2,7.0,12.0,1979.0,panel,2.6,42300000,620234.6041055719,68.2
ALM-10526,2026-07-11,Alatau,4,97.3,2.0,5.0,1970.0,panel,,43870000,450873.5868448099,97.3
ALM-10879,2026-07-11,Turksib,3,77.5,1.0,9.0,2015.0,monolith,2.79,48480000,625548.3870967742,77.5
ALM-10160,2026-07-11,Alatau,5,153.1,4.0,9.0,1964.0,brick,3.13,86860000,567341.6067929458,153.1
ALM-10705,2026-07-11,Auezov,1,32.4,7.0,12.0,2015.0,monolith,2.95,23030000,710802.4691358025,32.4
ALM-10240,2026-07-12,Turksib,2,44.2,7.0,16.0,2016.0,monolith,2.71,25680000,580995.4751131221,44.2
ALM-10322,2026-07-12,Auezov,3,70.3,12.0,12.0,1984.0,panel,,35720000,508108.1081081081,70.3
ALM-10536,2026-07-12,,1,30.8,9.0,9.0,1983.0,panel,2.58,16140000,524025.974025974,30.8
ALM-10925,2026-07-13,Turksib,2,50.5,1.0,5.0,1990.0,panel,2.52,24230000,479801.9801980198,50.5
ALM-10857,2026-07-13,Alatau,3,83.7,1.0,5.0,1989.0,panel,,33610000,401553.1660692951,83.7
ALM-10750,2026-07-13,Alatau,1,26.5,4.0,4.0,1972.0,brick,,11440000,431698.11320754717,26.5
ALM-11116,2026-07-14,Almaly,3,76.8,1.0,5.0,1986.0,panel,2.57,52470000,683203.125,76.8
ALM-10253,2026-07-14,Auezov,2,67.2,2.0,3.0,2000.0,brick,3.12,47850000,712053.5714285714,67.2
ALM-10881,2026-07-14,Medeu,2,57.5,,,1962.0,panel,,60900000,1059130.4347826086,57.5
ALM-10149,2026-07-14,Zhetysu,3,87.4,3.0,5.0,2004.0,brick,2.93,63140000,722425.6292906178,87.4
ALM-10713,2026-07-14,Bostandyk,5,156.6,9.0,9.0,2012.0,monolith,2.9,162880000,1040102.171136654,156.6
ALM-10690,2026-07-14,Bostandyk,1,25.9,4.0,16.0,2008.0,monolith,0.0,28630000,1105405.4054054054,25.9
ALM-11055,2026-07-15,Bostandyk,2,60.8,3.0,12.0,,panel,,57640000,948026.3157894737,60.8
ALM-10377,2026-07-15,Medeu,2,59.4,4.0,5.0,1974.0,panel,2.62,55890000,940909.0909090909,59.4
ALM-10961,2026-07-15,Medeu,3,70.5,2.0,5.0,1996.0,brick,2.93,81730000,1159290.780141844,70.5
ALM-10292,2026-07-15,Bostandyk,3,83.5,11.0,16.0,2017.0,monolith,2.79,92340000,1105868.263473054,83.5
ALM-10267,2026-07-16,Bostandyk,1,36.6,8.0,12.0,1975.0,panel,2.69,29170000,796994.5355191256,36.6
ALM-11134,2026-07-16,Bostandyk,2,56.2,11.0,12.0,2020.0,monolith,2.8,64670000,1150711.743772242,56.2
ALM-10529,2026-07-16,Auezov,4,123.1,3.0,9.0,,monolith,2.86,87540000,711129.1632818846,123.1
ALM-10981,2026-07-16,Almaly,3,87.8,1.0,12.0,2012.0,monolith,2.88,91720000,1044646.9248291572,87.8
ALM-10209,2026-07-16,Auezov,2,51.8,2.0,16.0,2008.0,monolith,2.77,36630000,707142.8571428572,51.8
ALM-10206,2026-07-17,Almaly,2,46.8,1.0,12.0,1970.0,panel,2.62,36060000,770512.8205128206,46.8
ALM-10431,2026-07-17,Auezov,4,110.2,7.0,12.0,1990.0,panel,,69490000,630580.7622504537,110.2
ALM-10798,2026-07-17,Zhetysu,3,77.4,4.0,16.0,2020.0,monolith,2.92,50870000,657235.142118863,77.4
ALM-10548,2026-07-18,Auezov,2,57.6,2.0,5.0,2004.0,brick,2.86,36240000,629166.6666666666,57.6
ALM-11005,2026-07-18,,4,91.5,2.0,5.0,1966.0,panel,2.63,39080000,427103.825136612,91.5
ALM-10483,2026-07-18,Bostandyk,2,54.7,15.0,20.0,2005.0,monolith,2.93,68840000,1258500.9140767823,54.7
ALM-10506,2026-07-18,Zhetysu,1,41.6,2.0,16.0,2008.0,monolith,2.81,31620000,760096.1538461539,41.6
ALM-10808,2026-07-18,Bostandyk,2,50.2,1.0,9.0,1992.0,panel,2.52,46370000,923705.1792828685,50.2
ALM-10513,2026-07-19,Medeu,4,116.0,2.0,9.0,2014.0,monolith,2.86,167770000,1446293.103448276,116.0
ALM-10125,2026-07-19,Nauryzbay,1,40.7,11.0,12.0,1971.0,panel,2.61,15810000,388452.0884520884,40.7
ALM-10609,2026-07-19,Alatau,1,38.4,5.0,9.0,1976.0,panel,2.58,16480000,429166.6666666667,38.4
ALM-11082,2026-07-19,Alatau,2,52.9,6.0,12.0,1979.0,panel,,24030000,454253.3081285444,52.9
ALM-10123,2026-07-20,Medeu,2,56.7,,3.0,2003.0,brick,2.8,58290000,1028042.328042328,56.7
ALM-11197,2026-07-20,Medeu,4,114.1,3.0,12.0,1965.0,panel,2.53,117860000,1032953.5495179667,114.1
ALM-10075,2026-07-20,Almaly,5,122.3,3.0,5.0,1992.0,brick,3.19,109630000,896402.2894521669,122.3
ALM-10130,2026-07-21,Auezov,2,57.0,1.0,12.0,2012.0,monolith,2.98,37780000,662807.0175438597,57.0
ALM-10992,2026-07-21,Medeu,3,93.9,3.0,4.0,1989.0,brick,2.72,105540000,1123961.661341853,93.9
ALM-11149,2026-07-22,Nauryzbay,2,63.5,22.0,25.0,2022.0,monolith,2.93,35900000,565354.3307086615,63.5
ALM-10315,2026-07-22,Turksib,2,60.9,6.0,9.0,2019.0,monolith,2.88,38480000,631855.5008210181,60.9
ALM-10637,2026-07-22,Medeu,3,86.4,5.0,5.0,1960.0,brick,3.06,99730000,1154282.4074074074,86.4
ALM-10368,2026-07-22,Auezov,3,65.9,12.0,25.0,2018.0,monolith,2.75,51550000,782245.8270106221,65.9
ALM-11022,2026-07-23,Zhetysu,3,74.1,4.0,5.0,1981.0,panel,,43220000,583265.8569500676,74.1
ALM-11029,2026-07-23,Alatau,1,44.7,5.0,5.0,1963.0,panel,2.59,20240000,452796.42058165546,44.7
ALM-10498,2026-07-23,Turksib,2,47.6,3.0,16.0,2006.0,monolith,2.92,31120000,653781.512605042,47.6
ALM-10907,2026-07-23,Alatau,2,63.3,2.0,9.0,2012.0,monolith,2.84,34500000,545023.6966824644,63.3
ALM-10304,2026-07-24,Nauryzbay,2,55.2,3.0,3.0,1958.0,brick,3.2,25420000,460507.2463768116,55.2
ALM-11100,2026-07-24,Turksib,3,77.3,4.0,5.0,1984.0,panel,2.61,39480000,510737.3868046572,77.3
ALM-10765,2026-07-25,Alatau,2,47.7,17.0,25.0,2015.0,monolith,2.88,29840000,625576.5199161426,47.7
ALM-10996,2026-07-25,Almaly,3,73.6,1.0,12.0,1965.0,panel,2.62,51980000,706250.0,73.6
ALM-10603,2026-07-25,Zhetysu,2,52.9,2.0,9.0,1981.0,panel,2.64,27080000,511909.2627599244,52.9
ALM-10820,2026-07-25,Almaly,4,103.1,1.0,25.0,,monolith,2.98,107610000,1043743.9379243454,103.1
ALM-11002,2026-07-25,Bostandyk,1,42.0,5.0,5.0,1997.0,brick,3.01,38970000,927857.1428571428,42.0
ALM-10229,2026-07-25,Zhetysu,3,92.9,7.0,9.0,1989.0,brick,2.78,58830000,633261.5715823466,92.9
ALM-10250,2026-07-26,Medeu,1,38.4,1.0,9.0,2013.0,monolith,2.99,46930000,1222135.4166666667,38.4
ALM-10449,2026-07-26,Bostandyk,2,66.7,9.0,12.0,1976.0,panel,2.52,64280000,963718.1409295351,66.7
ALM-10577,2026-07-26,Auezov,3,80.8,12.0,20.0,2007.0,monolith,2.71,57400000,710396.0396039605,80.8
ALM-10344,2026-07-26,Zhetysu,1,39.8,5.0,5.0,1967.0,panel,2.53,21420000,538190.9547738694,39.8
ALM-10181,2026-07-27,Almaly,2,61.3,16.0,25.0,2013.0,monolith,2.79,65440000,1067536.704730832,61.3
ALM-10756,2026-07-28,Medeu,2,61.9,2.0,9.0,1994.0,brick,3.08,74230000,1199192.2455573506,61.9
ALM-10071,2026-07-28,Zhetysu,3,74.2,9.0,9.0,2024.0,monolith,3.0,49820000,671428.5714285714,74.2
ALM-10838,2026-07-28,,3,85.8,5.0,9.0,1992.0,panel,2.62,37360000,435431.23543123546,85.8
ALM-10015,2026-07-28,Alatau,2,57.2,8.0,9.0,1985.0,panel,2.56,25000000,437062.93706293707,57.2
ALM-10437,2026-07-28,Zhetysu,1,41.5,3.0,16.0,2007.0,monolith,2.88,33660000,811084.3373493976,41.5
ALM-11142,2026-07-29,Bostandyk,2,62.9,8.0,20.0,2017.0,monolith,2.95,70240000,1116693.1637519873,62.9
ALM-10949,2026-07-29,Medeu,1,36.5,5.0,5.0,1983.0,panel,2.66,29910000,819452.0547945206,36.5
ALM-10976,2026-07-30,,1,37.9,10.0,20.0,2015.0,monolith,2.91,22810000,601846.9656992084,37.9
ALM-10452,2026-07-30,Turksib,1,37.8,6.0,20.0,2018.0,monolith,0.0,24020000,635449.7354497355,37.8
ALM-10384,2026-07-30,Alatau,2,64.0,3.0,12.0,1971.0,panel,2.55,29050000,453906.25,64.0
ALM-10275,2026-07-30,Nauryzbay,3,77.5,3.0,3.0,1967.0,brick,3.11,33910000,437548.3870967742,77.5
ALM-10440,2026-07-30,Auezov,3,879.0,1.0,12.0,1976.0,panel,,48370000,55028.44141069397,879.0
ALM-11105,2026-07-30,Zhetysu,2,60.0,7.0,9.0,1965.0,panel,,34050000,567500.0,60.0
ALM-11125,2026-07-30,Alatau,3,90.5,3.0,3.0,1988.0,brick,2.95,38290000,423093.9226519337,90.5
ALM-11099,2026-07-31,Alatau,4,95.3,2.0,5.0,1981.0,panel,,42410000,445015.73976915004,95.3
ALM-10908,2026-08-01,Turksib,2,59.6,5.0,5.0,1986.0,panel,2.52,28300000,474832.2147651007,59.6
ALM-10096,2026-08-01,Medeu,4,89.5,1.0,9.0,,brick,2.95,87370000,976201.1173184358,89.5
ALM-10383,2026-08-01,Bostandyk,1,32.1,1.0,4.0,,brick,2.9,24950000,777258.5669781931,32.1
ALM-10951,2026-08-01,Alatau,2,56.7,6.0,9.0,1975.0,panel,2.66,27460000,484303.3509700176,56.7
ALM-10767,2026-08-01,Almaly,1,26.8,5.0,9.0,,panel,2.68,23710000,884701.4925373134,26.8
ALM-10320,2026-08-01,Auezov,4,101.2,1.0,5.0,1989.0,panel,2.53,52030000,514130.4347826087,101.2
ALM-10185,2026-08-02,Bostandyk,2,50.1,3.0,9.0,2007.0,monolith,2.8,55130000,1100399.2015968063,50.1
ALM-10311,2026-08-02,Zhetysu,1,30.1,6.0,9.0,1980.0,panel,2.65,17510000,581727.5747508305,30.1
ALM-10122,2026-08-02,Almaly,2,52.9,7.0,9.0,1970.0,panel,2.61,44880000,848393.1947069943,52.9
ALM-10469,2026-08-02,Turksib,1,38.3,6.0,9.0,1968.0,brick,2.86,21840000,570234.9869451697,38.3
ALM-10445,2026-08-02,Turksib,1,37.1,3.0,4.0,2001.0,brick,0.0,22470000,605660.3773584905,37.1
ALM-10936,2026-08-02,Zhetysu,2,50.8,3.0,5.0,1977.0,panel,2.69,29500000,580708.6614173228,50.8
ALM-10052,2026-08-02,Turksib,2,65.0,5.0,5.0,1963.0,panel,2.51,27090000,416769.23076923075,65.0
ALM-11003,2026-08-03,Bostandyk,5,151.8,9.0,12.0,1975.0,panel,,129570000,853557.3122529644,151.8
ALM-11052,2026-08-03,Zhetysu,2,60.4,3.0,5.0,1988.0,panel,2.57,30790000,509768.21192052984,60.4
ALM-10133,2026-08-03,Nauryzbay,2,62.0,5.0,5.0,,panel,2.66,28920000,466451.6129032258,62.0
ALM-10214,2026-08-03,,2,47.5,3.0,3.0,1986.0,brick,2.93,48640000,1024000.0,47.5
ALM-11192,2026-08-03,Turksib,4,94.0,9.0,9.0,1978.0,panel,0.0,42200000,448936.170212766,94.0
ALM-10970,2026-08-04,Auezov,3,80.5,2.0,3.0,1957.0,brick,2.76,56830000,705962.7329192547,80.5
ALM-10186,2026-08-04,Turksib,1,38.0,1.0,5.0,1964.0,panel,2.51,16000000,421052.63157894736,38.0
ALM-10205,2026-08-04,Zhetysu,3,75.1,5.0,5.0,1972.0,panel,2.61,42700000,568575.2330226365,75.1
ALM-10672,2026-08-04,Nauryzbay,3,86.9,10.0,25.0,2011.0,monolith,2.75,44930000,517031.0701956271,86.9
ALM-11144,2026-08-04,Medeu,2,56.2,6.0,20.0,2016.0,monolith,2.96,65250000,1161032.028469751,56.2
ALM-11102,2026-08-05,Nauryzbay,4,126.6,11.0,12.0,1978.0,panel,2.53,49960000,394628.75197472353,126.6
ALM-10494,2026-08-05,Almaly,3,86.7,2.0,5.0,1962.0,brick,3.11,87480000,1008996.5397923875,86.7
ALM-10507,2026-08-05,Turksib,3,75.5,3.0,9.0,1976.0,brick,2.96,50200000,664900.6622516556,75.5
ALM-10651,2026-08-06,Almaly,3,87.3,9.0,9.0,1986.0,panel,2.63,61750000,707331.0423825888,87.3
ALM-10025,2026-08-06,Bostandyk,1,42.6,4.0,9.0,1976.0,panel,,38820000,911267.6056338028,42.6
ALM-10533,2026-08-06,Zhetysu,1,38.0,3.0,3.0,1968.0,brick,2.87,22360000,588421.052631579,38.0
ALM-10896,2026-08-07,Medeu,2,52.3,5.0,12.0,1965.0,panel,2.58,48000000,917782.0267686425,52.3
ALM-10426,2026-08-07,Alatau,1,38.7,3.0,12.0,1977.0,panel,2.61,17620000,455297.157622739,38.7
ALM-10062,2026-08-07,Almaly,2,62.2,2.0,5.0,1967.0,panel,,50360000,809646.3022508038,62.2
ALM-10859,2026-08-07,Zhetysu,3,82.7,18.0,20.0,2020.0,monolith,2.77,57640000,696977.0253929867,82.7
ALM-11069,2026-08-08,Medeu,2,63.2,7.0,9.0,1964.0,panel,2.54,53370000,844462.0253164556,63.2
ALM-10766,2026-08-08,Medeu,2,43.6,1.0,9.0,1980.0,brick,2.84,50450000,1157110.0917431193,43.6
ALM-10013,2026-08-08,Bostandyk,3,94.4,5.0,12.0,1987.0,panel,2.54,68640000,727118.6440677965,94.4
ALM-10427,2026-08-08,Medeu,2,51.6,8.0,20.0,2009.0,monolith,2.82,59050000,1144379.8449612402,51.6
ALM-10711,2026-08-08,Alatau,2,50.3,2.0,9.0,1968.0,panel,2.61,21270000,422862.82306163025,50.3
ALM-10251,2026-08-09,Almaly,1,34.2,1.0,3.0,,brick,2.75,28090000,821345.0292397661,34.2
ALM-11115,2026-08-09,Nauryzbay,2,49.3,4.0,16.0,2012.0,monolith,2.94,27100000,549695.7403651116,49.3
ALM-10974,2026-08-09,Zhetysu,1,39.0,4.0,5.0,1975.0,brick,2.72,25660000,657948.717948718,39.0
ALM-11126,2026-08-10,Alatau,2,53.6,1.0,5.0,1962.0,brick,2.77,22760000,424626.8656716418,53.6
ALM-10345,2026-08-10,Alatau,4,110.1,6.0,20.0,2014.0,monolith,2.83,56300000,511353.3151680291,110.1
ALM-10416,2026-08-10,Bostandyk,4,87.2,1.0,9.0,1986.0,panel,2.51,66160000,758715.5963302752,87.2
ALM-10259,2026-08-11,Auezov,3,93.0,5.0,5.0,1988.0,panel,,48450000,520967.7419354839,93.0
ALM-11050,2026-08-11,Nauryzbay,3,90.7,6.0,20.0,2010.0,monolith,2.71,48870000,538809.2613009922,90.7
ALM-10663,2026-08-11,Medeu,1,35.7,2.0,3.0,,brick,2.75,37860000,1060504.2016806721,35.7
ALM-10375,2026-08-11,Medeu,2,46.6,1.0,9.0,1974.0,panel,2.6,47570000,1020815.4506437768,46.6
ALM-10069,2026-08-11,Zhetysu,2,481.0,3.0,5.0,,brick,2.87,27710000,57609.14760914761,481.0
ALM-10631,2026-08-11,Bostandyk,3,74.7,6.0,9.0,,monolith,2.78,78000000,1044176.7068273092,74.7
ALM-10797,2026-08-12,Turksib,1,38.4,3.0,5.0,1963.0,panel,2.51,18240000,475000.0,38.4
ALM-10293,2026-08-13,Auezov,1,31.1,1.0,5.0,1986.0,panel,2.61,18670000,600321.5434083601,31.1
ALM-10053,2026-08-13,Zhetysu,2,68.3,4.0,9.0,1965.0,panel,2.63,37660000,551390.9224011713,68.3
ALM-10880,2026-08-13,Turksib,3,81.8,3.0,4.0,1989.0,brick,3.16,46690000,570782.3960880196,81.8
ALM-10731,2026-08-13,Zhetysu,2,54.2,5.0,5.0,,panel,,24690000,455535.0553505535,54.2
ALM-10695,2026-08-14,Medeu,3,80.5,,,1972.0,panel,,70940000,881242.2360248447,80.5
ALM-10312,2026-08-14,Almaly,2,51.4,9.0,9.0,1954.0,brick,3.19,48120000,936186.7704280156,51.4
ALM-10154,2026-08-14,Bostandyk,2,60.8,9.0,12.0,2011.0,monolith,2.99,59160000,973026.3157894737,60.8
ALM-10023,2026-08-14,Medeu,3,66.4,5.0,5.0,1986.0,panel,2.58,66950000,1008283.1325301204,66.4
ALM-10331,2026-08-15,Auezov,2,58.3,3.0,3.0,1981.0,brick,3.14,39480000,677186.9639794169,58.3
ALM-10843,2026-08-15,Nauryzbay,2,60.8,1.0,4.0,2004.0,brick,3.06,26290000,432401.3157894737,60.8
ALM-10528,2026-08-15,Auezov,1,37.3,1.0,5.0,1975.0,panel,2.67,19980000,535656.836461126,37.3
ALM-10804,2026-08-15,Alatau,3,77.2,2.0,5.0,1980.0,panel,2.51,33800000,437823.83419689117,77.2
ALM-10441,2026-08-15,Bostandyk,1,45.1,5.0,9.0,1975.0,panel,0.0,37340000,827937.9157427938,45.1
ALM-10846,2026-08-16,Zhetysu,2,56.8,3.0,4.0,,brick,2.8,39730000,699471.8309859155,56.8
ALM-10349,2026-08-17,Medeu,3,74.6,4.0,4.0,,brick,3.17,80150000,1074396.782841823,74.6
ALM-10376,2026-08-17,Bostandyk,4,99.0,1.0,5.0,1973.0,panel,2.54,89440000,903434.3434343435,99.0
ALM-10352,2026-08-18,Bostandyk,3,62.1,6.0,9.0,1971.0,brick,2.89,63340000,1019967.7938808374,62.1
ALM-10877,2026-08-18,Almaly,1,40.8,20.0,20.0,2016.0,monolith,2.92,41570000,1018872.549019608,40.8
ALM-10497,2026-08-18,Bostandyk,3,72.9,3.0,5.0,1991.0,panel,2.67,60030000,823456.7901234567,72.9
ALM-10900,2026-08-19,Medeu,1,39.1,21.0,25.0,2017.0,monolith,2.93,47340000,1210741.6879795396,39.1
ALM-10984,2026-08-19,Zhetysu,5,136.9,2.0,3.0,,brick,2.81,89770000,655734.1124908692,136.9
ALM-10634,2026-08-20,Zhetysu,3,68.9,8.0,9.0,1971.0,panel,2.63,40720000,591001.4513788099,68.9
ALM-10733,2026-08-20,Auezov,2,57.0,4.0,5.0,1992.0,panel,2.61,28560000,501052.63157894736,57.0
ALM-10139,2026-08-20,Zhetysu,2,50.0,19.0,25.0,2011.0,monolith,,36670000,733400.0,50.0
ALM-10493,2026-08-20,Auezov,2,50.9,7.0,9.0,1986.0,panel,2.6,38800000,762278.9783889981,50.9
ALM-10222,2026-08-20,,1,36.1,4.0,5.0,1966.0,panel,2.67,13920000,385595.567867036,36.1
ALM-10911,2026-08-20,Medeu,1,29.1,6.0,9.0,2005.0,brick,2.91,30360000,1043298.9690721649,29.1
ALM-11135,2026-08-20,Auezov,4,112.1,6.0,12.0,2018.0,monolith,2.95,81460000,726672.6137377342,112.1
ALM-10938,2026-08-21,Medeu,5,133.0,1.0,9.0,2013.0,monolith,2.93,167850000,1262030.07518797,133.0
ALM-10646,2026-08-21,Alatau,3,83.3,10.0,16.0,2020.0,monolith,2.98,46960000,563745.4981992798,83.3
ALM-10231,2026-08-21,Medeu,3,90.9,1.0,4.0,1968.0,brick,2.72,80060000,880748.0748074807,90.9
ALM-10028,2026-08-21,Almaly,3,70.7,7.0,9.0,1976.0,panel,2.62,57280000,810183.8755304102,70.7
ALM-10796,2026-08-21,,4,94.3,7.0,16.0,2010.0,monolith,2.9,76730000,813679.7454931071,94.3
ALM-10870,2026-08-21,Turksib,4,89.5,3.0,9.0,1969.0,panel,2.69,45750000,511173.1843575419,89.5
ALM-11198,2026-08-21,Medeu,2,58.5,1.0,3.0,1993.0,brick,,55510000,948888.8888888889,58.5
ALM-10986,2026-08-21,Turksib,2,48.1,4.0,25.0,2020.0,monolith,2.73,25000000,519750.5197505197,48.1
ALM-10958,2026-08-22,Turksib,3,75.3,,5.0,1974.0,panel,2.67,42320000,562018.5922974768,75.3
ALM-10300,2026-08-22,Bostandyk,1,36.5,3.0,4.0,1968.0,brick,3.15,36250000,993150.6849315069,36.5
ALM-10801,2026-08-22,Bostandyk,5,109.3,1.0,9.0,1964.0,panel,,98200000,898444.6477584629,109.3
ALM-11145,2026-08-23,Auezov,3,82.4,4.0,4.0,1957.0,brick,2.83,49430000,599878.640776699,82.4
ALM-10298,2026-08-23,Bostandyk,2,51.1,13.0,20.0,2007.0,monolith,3.0,49800000,974559.686888454,51.1
ALM-10461,2026-08-23,Zhetysu,3,88.5,3.0,3.0,1974.0,brick,3.09,61710000,697288.1355932204,88.5
ALM-10569,2026-08-23,Zhetysu,1,42.6,8.0,12.0,,panel,0.0,25660000,602347.4178403756,42.6
ALM-10845,2026-08-23,Nauryzbay,2,59.8,6.0,9.0,,brick,3.01,32240000,539130.4347826088,59.8
ALM-10784,2026-08-23,Auezov,3,97.4,3.0,16.0,2021.0,monolith,2.98,77850000,799281.3141683778,97.4
ALM-10611,2026-08-24,Zhetysu,1,36.3,5.0,25.0,2006.0,monolith,2.78,24120000,664462.8099173554,36.3
ALM-10817,2026-08-24,Medeu,2,59.4,5.0,9.0,1971.0,panel,2.65,56440000,950168.3501683502,59.4
ALM-11175,2026-08-24,Nauryzbay,2,48.3,25.0,25.0,2016.0,monolith,2.92,24480000,506832.298136646,48.3
ALM-10659,2026-08-24,Turksib,2,544.0,1.0,3.0,1999.0,brick,2.74,25030000,46011.029411764706,544.0
ALM-10290,2026-08-24,Auezov,1,33.4,3.0,3.0,1978.0,brick,3.18,20470000,612874.251497006,33.4
ALM-10844,2026-08-25,Auezov,2,53.4,3.0,3.0,1996.0,brick,2.84,34420000,644569.2883895132,53.4
ALM-10781,2026-08-25,Almaly,2,56.8,7.0,12.0,1991.0,panel,2.67,46800000,823943.661971831,56.8
ALM-10061,2026-08-25,Almaly,5,125.4,15.0,25.0,2008.0,monolith,,146480000,1168102.0733652313,125.4
ALM-11014,2026-08-25,Medeu,1,33.7,3.0,5.0,1992.0,panel,2.64,30610000,908308.6053412462,33.7
ALM-10789,2026-08-26,Turksib,3,87.7,3.0,5.0,1973.0,panel,2.59,40610000,463055.8722919042,87.7
ALM-10815,2026-08-26,Medeu,4,118.8,6.0,9.0,1973.0,panel,2.51,103030000,867255.8922558923,118.8
ALM-10224,2026-08-26,Almaly,4,98.2,1.0,4.0,1996.0,brick,3.05,93640000,953564.1547861507,98.2
ALM-10187,2026-08-26,Auezov,3,86.7,8.0,9.0,1991.0,panel,2.67,50720000,585005.7670126874,86.7
ALM-10868,2026-08-27,Zhetysu,3,94.0,1.0,9.0,,panel,2.53,48000000,510638.2978723404,94.0
ALM-10006,2026-08-27,Almaly,2,55.7,4.0,12.0,1970.0,panel,2.5,41560000,746140.0359066427,55.7
ALM-10852,2026-08-27,Nauryzbay,3,81.0,3.0,3.0,1999.0,brick,3.18,43290000,534444.4444444445,81.0
ALM-10475,2026-08-27,Zhetysu,2,59.8,3.0,3.0,1998.0,brick,2.8,35460000,592976.5886287625,59.8
ALM-10400,2026-08-27,Bostandyk,1,45.2,4.0,16.0,2020.0,monolith,2.87,52820000,1168584.0707964601,45.2
ALM-10813,2026-08-28,Turksib,4,118.9,1.0,9.0,2009.0,monolith,2.83,58410000,491253.1539108494,118.9
ALM-11151,2026-08-28,Alatau,4,90.8,10.0,12.0,1981.0,panel,,41560000,457709.2511013216,90.8
ALM-11025,2026-08-28,Nauryzbay,3,86.2,9.0,12.0,2005.0,monolith,2.85,45220000,524593.9675174013,86.2
ALM-11053,2026-08-28,Auezov,2,53.7,1.0,16.0,2010.0,monolith,2.78,38290000,713035.3817504655,53.7
ALM-10622,2026-08-28,Alatau,3,75.6,4.0,25.0,2017.0,monolith,2.73,42430000,561243.3862433863,75.6
ALM-10274,2026-08-29,Turksib,5,120.6,5.0,16.0,2005.0,monolith,2.8,67680000,561194.0298507463,120.6
ALM-10035,2026-08-29,Turksib,2,45.9,2.0,16.0,2010.0,monolith,2.7,22780000,496296.2962962963,45.9
ALM-10643,2026-08-29,Zhetysu,1,42.0,5.0,5.0,1980.0,panel,2.67,21480000,511428.5714285714,42.0
ALM-10126,2026-08-29,Auezov,3,54.8,1.0,20.0,2008.0,monolith,2.97,37470000,683759.1240875913,54.8
ALM-11138,2026-08-29,Medeu,3,82.8,1.0,4.0,1993.0,brick,2.96,95690000,1155676.3285024154,82.8
ALM-10317,2026-08-30,,2,57.8,8.0,20.0,2014.0,monolith,2.8,68490000,1184948.0968858132,57.8
ALM-10182,2026-08-30,Nauryzbay,2,54.9,6.0,25.0,2019.0,monolith,2.7,28560000,520218.5792349727,54.9
ALM-10517,2026-08-31,Alatau,2,53.2,5.0,25.0,2023.0,monolith,2.88,30120000,566165.4135338345,53.2
ALM-10114,2026-08-31,Medeu,2,58.0,8.0,9.0,2005.0,monolith,2.85,61730000,1064310.3448275863,58.0
ALM-10913,2026-08-31,Turksib,1,33.7,1.0,5.0,1979.0,panel,2.53,14840000,440356.0830860534,33.7
ALM-10850,2026-08-31,Bostandyk,1,32.3,8.0,12.0,1969.0,panel,2.6,23760000,735603.7151702787,32.3
ALM-10470,2026-08-31,Auezov,1,37.7,4.0,9.0,2013.0,monolith,2.79,29510000,782758.6206896551,37.7
ALM-10135,2026-08-31,Turksib,1,38.1,4.0,9.0,2012.0,monolith,2.99,23040000,604724.4094488189,38.1
